m,rho,nu,reps,D,K_naive,K_known,K_eff,rse_bound,rse_bound_known,score_var_check,oracle_bias,oracle_bias_mc,oracle_var_ratio,equal_bias,equal_bias_mc,equal_var_ratio,plug_bias,plug_bias_mc,plug_bias_pred,plug_var_ratio,plug_rmse,equal_rmse,oracle_rmse,plug_at_zero,equal_at_zero,gate_open_plug,gate_open_equal,gate_open_true
30,0.3,5.0,2000,0.0989010989010989,30.0,24.84299999999999,24.802819432519307,0.28396477605961534,0.28373504367819913,1.0,0.008185182414954806,0.006448451861052196,1.0313640179681034,0.008185182414954584,0.006448451861052195,1.031364017968103,0.014009470753528097,0.006449287710318505,0.007120879120879121,1.0316314064038952,0.28868892583497924,0.2884275948802001,0.28842759488020014,0.0,0.0,0.0,0.0,0.0125
30,0.3,10.0,2000,0.0989010989010989,30.0,24.84299999999999,24.822893456300402,0.2838499331104879,0.28373504367819913,0.9999999999999999,1.28045568612567e-05,0.006268641658737755,0.9754371507348967,1.2804556861478744e-05,0.006268641658737756,0.9754371507348971,0.00325005701243386,0.006273927549860233,0.0035604395604395605,0.9770828751900367,0.2805272437847591,0.2802720834957273,0.2802720834957272,0.0,0.0,0.0,0.0,0.0135
30,0.3,25.0,2000,0.0989010989010989,30.0,24.84299999999999,24.834953475074062,0.28378100503270676,0.28373504367819913,1.0,0.00485246704025899,0.006249286833965564,0.9698939896852167,0.004852467040258768,0.006249286833965563,0.9698939896852162,0.006116030324624155,0.006245610869276533,0.0014241758241758241,0.9687533003358432,0.2793093418284674,0.2794488588575632,0.27944885885756326,0.0,0.0,0.0,0.0,0.01
30,0.3,100.0,2000,0.0989010989010989,30.0,24.84299999999999,24.840987879981718,0.28374653471477923,0.28373504367819913,1.0000000000000002,0.00733997601553793,0.006515579406716886,1.0545688693765884,0.007339976015538152,0.006515579406716888,1.0545688693765887,0.007545227134662991,0.006514344499651731,0.00035604395604395603,1.0541691593728173,0.29135521668324227,0.29140516893728885,0.2914051689372888,0.0,0.0,0.0,0.0,0.0135
30,0.3,-1.0,2000,0.0989010989010989,30.0,24.84299999999999,24.84299999999999,0.28373504367819913,0.28373504367819913,1.0,-0.014891126388800524,0.006254586395243216,0.9718544577858746,-0.014891126388800746,0.006254586395243215,0.9718544577858743,-0.014891126388360432,0.006254586395238061,0.0,0.9718544577842725,0.2800398681351152,0.28003986813536874,0.2800398681353688,0.0,0.0,0.0,0.0,0.0125
30,0.5,5.0,2000,0.3333333333333333,30.0,16.875000000000004,16.666666666666668,0.34641016151377546,0.3442651863295481,1.0,0.0023388557640888763,0.007708910169266182,0.990454933296926,0.0023388557640888763,0.007708910169266182,0.990454933296926,0.048817398252872124,0.00768881834157404,0.06666666666666667,0.9852987914954228,0.3472173316874325,0.3446746798735273,0.34467467987352723,0.0,0.0,0.0,0.0,0.001
30,0.5,10.0,2000,0.3333333333333333,30.0,16.875000000000004,16.770186335403732,0.34533933928711225,0.3442651863295481,1.0,0.00033667170305218264,0.00782029797677777,1.0256152993981686,0.0003366717030524047,0.00782029797677777,1.0256152993981689,0.024606272099411353,0.007813343527011856,0.03333333333333333,1.0237919881488502,0.3502015054675741,0.34964707517521015,0.34964707517521004,0.0,0.0,0.0,0.0,0.0005
30,0.5,25.0,2000,0.3333333333333333,30.0,16.875000000000004,16.832917705735664,0.34469524919095534,0.3442651863295481,1.0,0.005430446182412618,0.0077240951688296415,1.004279580288473,0.005430446182412618,0.007724095168829642,1.0042795802884732,0.017565957610585103,0.007716489413174595,0.013333333333333334,1.0023027676547145,0.3454525095945671,0.3453883617811084,0.3453883617811084,0.0,0.0,0.0,0.0,0.0005
30,0.5,100.0,2000,0.3333333333333333,30.0,16.875000000000004,16.864459712679576,0.3443727523957036,0.3442651863295481,1.0,0.0023516035668840196,0.007929297121292748,1.0603318717170642,0.0023516035668840196,0.007929297121292747,1.0603318717170638,0.005451519074166633,0.007921224771465016,0.0033333333333333335,1.0581740479462318,0.35420132272265437,0.3545280834602259,0.35452808346022596,0.0,0.0,0.0,0.0,0.0025
30,0.5,-1.0,2000,0.3333333333333333,30.0,16.875000000000004,16.875,0.34426518632954817,0.3442651863295481,1.0,0.0008334020767215566,0.007564738663972231,0.9656764490395637,0.0008334020767215566,0.007564738663972231,0.9656764490395637,0.0008334020770741635,0.007564738663979788,0.0,0.9656764490414934,0.33822183755131663,0.33822183755097784,0.33822183755097784,0.0,0.0,0.0,0.0,0.0035
30,0.66,5.0,2000,0.7717930545712262,30.0,9.5564208,9.207019279643703,0.4660746386609275,0.45747499955202187,1.0,-0.012876725249029053,0.010547329576321325,1.0242455508768835,-0.01287672524902872,0.010547329576321329,1.0242455508768842,0.15830265511629804,0.010499327609789168,0.2689544436569809,1.014943874840965,0.49540009613642,0.4717487533370202,0.47174875333702004,0.001,0.0055,0.0,0.0,0.0
30,0.66,10.0,2000,0.7717930545712262,30.0,9.5564208,9.378466867111804,0.4617948375729403,0.45747499955202187,1.0,-0.00380346639586282,0.010331471780393725,1.0010510742729748,-0.003803466395862931,0.010331471780393724,1.0010510742729746,0.09708565359744581,0.010324082955665365,0.13447722182849045,0.9996197300936568,0.4716910166586681,0.46193759897373493,0.46193759897373493,0.002,0.0035,0.0,0.0,0.0
30,0.66,25.0,2000,0.7717930545712262,30.0,9.5564208,9.484434940359009,0.4592078112714119,0.45747499955202187,0.9999999999999997,0.010409574017574919,0.010306439606982746,1.0074622624178073,0.01040957401757514,0.01030643960698275,1.007462262417808,0.05417417131189728,0.010331806924262325,0.05379088873139618,1.0124277145385865,0.46510274482471126,0.46092030903250564,0.46092030903250547,0.0025,0.0025,0.0,0.0,0.0
30,0.66,100.0,2000,0.7717930545712262,30.0,9.5564208,9.538322085654174,0.4579088172273078,0.45747499955202187,0.9999999999999998,-0.016164477979327407,0.010174052433808428,0.987324528345675,-0.016164477979327407,0.010174052433808428,0.987324528345675,-0.0043022770957422685,0.010158550357062904,0.013447722182849045,0.9843180724128882,0.4542109687764236,0.4551708084413858,0.4551708084413858,0.002,0.0025,0.0,0.0,0.0
30,0.66,-1.0,2000,0.7717930545712262,30.0,9.5564208,9.5564208,0.45747499955202187,0.45747499955202187,1.0,-0.0172388450489257,0.009933052346291642,0.9428893127583746,-0.01723884504892559,0.009933052346291644,0.9428893127583748,-0.016919714745080694,0.00991576269666233,0.0,0.9396097492737269,0.44365826275438486,0.44444298855764,0.4444429885576399,0.0025,0.0025,0.0,0.0,0.0005
30,0.9,5.0,2000,4.263157894736843,30.0,1.0829999999999995,0.9573734552076518,1.4453542604271143,1.358941524985059,1.0,-0.011991328817281599,0.03262603116533882,1.0190837468384557,-0.011991328817281155,0.03262603116533883,1.0190837468384564,1.481901011159212,0.03071903401028278,2.7625263157894744,0.9034341257390056,2.0204962382726652,1.4587649410581969,1.4587649410581962,0.0215,0.259,0.0,0.0,0.0
30,0.9,10.0,2000,4.263157894736843,30.0,1.0829999999999995,1.0163192912979417,1.402813424241358,1.358941524985059,0.9999999999999998,-0.009445978823262924,0.03239250245810835,1.0663976270726963,-0.009445978823262702,0.03239250245810836,1.0663976270726967,0.9365160793595046,0.03018252603161831,1.3812631578947372,0.9258515052356961,1.642595853312641,1.4483053487775093,1.4483053487775093,0.071,0.2575,0.0,0.0,0.0
30,0.9,25.0,2000,4.263157894736843,30.0,1.0829999999999995,1.055304586433635,1.3766580702156714,1.358941524985059,0.9999999999999998,-0.020630589816988953,0.03101241940512729,1.0149604581564957,-0.020630589816989175,0.031012419405127282,1.0149604581564955,0.510035478177636,0.028130232154059652,0.5525052631578949,0.835073031177496,1.357190038690762,1.386724257304915,1.3867242573049154,0.1415,0.2465,0.0,0.0,0.0
30,0.9,100.0,2000,4.263157894736843,30.0,1.0829999999999995,1.0759407527213942,1.3633922443005984,1.358941524985059,1.0,-0.028869350766968394,0.03074408845658481,1.0169780966612998,-0.028869350766968616,0.030744088456584804,1.0169780966612993,0.21401732167973098,0.027096578424941595,0.13812631578947374,0.7899821282695711,1.2302513215171311,1.3748767910221271,1.3748767910221276,0.2305,0.2615,0.0,0.0,0.0
30,0.9,-1.0,2000,4.263157894736843,30.0,1.0829999999999995,1.0829999999999997,1.3589415249850587,1.358941524985059,1.0,0.03245570233745876,0.03080197535005275,1.0275089053588737,0.03245570233745898,0.03080197535005276,1.027508905358874,0.18497042764067095,0.02646896621512845,0.0,0.7587564848149131,1.1978003998681492,1.377544185084191,1.3775441850841907,0.2395,0.2395,0.0,0.0,0.0
100,0.3,5.0,2000,0.0989010989010989,100.0,82.81,82.67606477506439,0.15553391338475425,0.15540808377726317,1.0,-0.006110933301324506,0.003465890298716986,0.9931375936488314,-0.006110933301324395,0.0034658902987169875,0.9931375936488319,-4.904571005426295e-05,0.003464517791097152,0.007120879120879121,0.99235117578629,0.1548992142382079,0.15508101829602342,0.1550810182960234,0.0,0.0,0.015,0.007,0.3655
100,0.3,10.0,2000,0.0989010989010989,100.0,82.81,82.74297818766793,0.15547101131094684,0.15540808377726317,1.0,-0.004202445638313512,0.003564273824968767,1.051170758231625,-0.004202445638314178,0.003564273824968765,1.0511707582316236,-0.001300276146291246,0.003555494450766182,0.0035604395604395605,1.045998733798248,0.1589721068493634,0.15941471795338902,0.1594147179533891,0.0,0.0,0.0125,0.0085,0.3745
100,0.3,25.0,2000,0.0989010989010989,100.0,82.81,82.78317825024692,0.15543325784790052,0.15540808377726317,1.0,0.0011343290666621098,0.0034284702955234177,0.9730672996519021,0.0011343290666623318,0.0034284702955234185,0.9730672996519029,0.0024871253784852776,0.0034271857049091217,0.0014241758241758241,0.9723382520961684,0.15325026558756508,0.15329171350218856,0.15329171350218854,0.0,0.0,0.011,0.0105,0.361
100,0.3,100.0,2000,0.0989010989010989,100.0,82.81,82.80329293327236,0.1554143776772073,0.15540808377726317,1.0,0.004708371494948516,0.003459808619745473,0.9911782440590318,0.0047083714949482935,0.003459808619745473,0.9911782440590314,0.00501978020674354,0.0034607898781752397,0.00035604395604395603,0.9917405525779294,0.15481393441322885,0.1547602980643916,0.15476029806439162,0.0,0.0,0.012,0.0115,0.3375
100,0.3,-1.0,2000,0.0989010989010989,100.0,82.81,82.81,0.15540808377726317,0.15540808377726317,1.0,0.000586061908572244,0.00339836474379475,0.9563629955879193,0.0005860619085724661,0.003398364743794751,0.9563629955879198,0.0005860619085860108,0.0033983647437851447,0.0,0.9563629955825134,0.15194262222705204,0.15194262222748145,0.1519426222274814,0.0,0.0,0.0065,0.0065,0.3505
100,0.5,5.0,2000,0.3333333333333333,100.0,56.25000000000001,55.55555555555555,0.18973665961010278,0.18856180831641264,1.0,0.003812793353406674,0.004360147766909879,1.0561604749605116,0.003812793353406674,0.0043601477669098785,1.0561604749605111,0.05557455279511947,0.004340514827961165,0.06666666666666667,1.0466704984305966,0.20186586832079184,0.19498026465051507,0.19498026465051513,0.0,0.0,0.0005,0.0,0.0405
100,0.5,10.0,2000,0.3333333333333333,100.0,56.25000000000001,55.90062111801243,0.1891501461214814,0.18856180831641264,1.0,-0.0022641765405062575,0.004165273010912976,0.9698477844655928,-0.0022641765405062575,0.004165273010912976,0.9698477844655929,0.026695270322041997,0.004193008935848946,0.03333333333333333,0.9828069281054786,0.1893613054608808,0.18624386032036394,0.1862438603203639,0.0,0.0,0.0,0.0,0.0475
100,0.5,25.0,2000,0.3333333333333333,100.0,56.25000000000001,56.10972568578553,0.18879736344675063,0.18856180831641264,1.0,0.0035922582540390824,0.004202080888468721,0.9907565719395676,0.0035922582540388603,0.00420208088846872,0.9907565719395671,0.015295164951620643,0.004183481626655032,0.013333333333333334,0.9820054032733295,0.18766853117530705,0.18791012325587628,0.1879101232558763,0.0,0.0,0.0,0.0,0.0435
100,0.5,100.0,2000,0.3333333333333333,100.0,56.25000000000001,56.21486570893193,0.1886207246772681,0.18856180831641264,1.0,0.0018156822584427523,0.004151543353382078,0.9688807616183521,0.0018156822584429744,0.004151543353382078,0.9688807616183522,0.0046862516501993134,0.004153710615934883,0.0033333333333333335,0.9698926104208077,0.1857722568213789,0.1856251217369848,0.1856251217369848,0.0,0.0,0.0,0.0,0.0435
100,0.5,-1.0,2000,0.3333333333333333,100.0,56.25000000000001,56.25,0.18856180831641267,0.18856180831641264,1.0,0.0015711788745660371,0.004276320479088464,1.0286390722427659,0.0015711788745660371,0.004276320479088464,1.0286390722427659,0.001571178874630652,0.004276320479089265,0.0,1.028639072243151,0.19120150461220928,0.19120150461217295,0.19120150461217295,0.0,0.0,0.0,0.0,0.0455
100,0.66,5.0,2000,0.7717930545712262,100.0,31.854736000000003,30.690064265478995,0.25527959307565945,0.2505693767493081,1.0,-0.012543188250530246,0.005563808879859316,0.9500406857318382,-0.012543188250530468,0.0055638088798593156,0.9500406857318378,0.17000043430300016,0.005496859169183004,0.2689544436569809,0.9273144314868184,0.2988324842686039,0.24907491665247905,0.24907491665247908,0.0,0.0,0.0,0.0,0.0
100,0.66,10.0,2000,0.7717930545712262,100.0,31.854736000000003,31.261556223706013,0.2529354494781337,0.2505693767493081,1.0,-0.002703766753975878,0.005583460290668404,0.9745799161530216,-0.002703766753975989,0.005583460290668404,0.9745799161530214,0.10482958489721761,0.005601595510706952,0.13447722182849045,0.9809211180104536,0.27150250188276714,0.24965214391385512,0.24965214391385515,0.0,0.0,0.0,0.0,0.0
100,0.66,25.0,2000,0.7717930545712262,100.0,31.854736000000003,31.61478313453002,0.2515184768159274,0.2505693767493081,0.9999999999999999,-0.008865414564635521,0.005551049994176515,0.9741828606101048,-0.008865414564635521,0.005551049994176516,0.974182860610105,0.03802059975663541,0.005557500771265446,0.05379088873139618,0.9764483375502587,0.25136887205114267,0.2483467203227359,0.2483467203227359,0.0,0.0,0.0,0.0,0.0
100,0.66,100.0,2000,0.7717930545712262,100.0,31.854736000000003,31.794406952180577,0.2508069884759067,0.2505693767493081,1.0,-0.0035282503828399925,0.005687651630644087,1.028529386440611,-0.0035282503828401035,0.005687651630644086,1.0285293864406106,0.008455628839594942,0.005696990798031534,0.013447722182849045,1.03190986575548,0.2548537821195363,0.25432039106770243,0.2543203910677025,0.0,0.0,0.0,0.0,0.0005
100,0.66,-1.0,2000,0.7717930545712262,100.0,31.854736000000003,31.854736000000003,0.2505693767493081,0.2505693767493081,1.0,-0.0008142053863643417,0.0055324451628477106,0.9750081501840946,-0.0008142053863641197,0.005532445162847712,0.975008150184095,-0.0008142053860664689,0.005532445162842294,0.0,0.9750081501821852,0.24735794699310762,0.24735794699335087,0.24735794699335079,0.0,0.0,0.0,0.0,0.001
100,0.9,5.0,2000,4.263157894736843,100.0,3.6099999999999963,3.1912448506921707,0.7916531320221273,0.7443229275647872,1.0,0.013466052917622928,0.01764938003096171,0.9940747351294074,0.013466052917622706,0.017649380030961705,0.9940747351294068,1.5511820424319382,0.01727391117941074,2.7625263157894744,0.9522291922325962,1.7328137105944847,0.7892218097089833,0.7892218097089835,0.0,0.0975,0.0,0.0,0.0
100,0.9,10.0,2000,4.263157894736843,100.0,3.6099999999999963,3.3877309709931396,0.7683525564280561,0.7443229275647872,0.9999999999999993,0.007713383715805211,0.017210557442781906,1.0034570507442473,0.007713383715805655,0.017210557442781913,1.0034570507442477,0.9638855640600619,0.01678351876417983,1.3812631578947372,0.954278087300561,1.2215427533723202,0.7695257422487227,0.7695257422487225,0.003,0.086,0.0,0.0,0.0
100,0.9,25.0,2000,4.263157894736843,100.0,3.6099999999999963,3.5176819547787836,0.7540266790286541,0.7443229275647872,0.9999999999999999,0.0066261081409606515,0.016976416444652358,1.0137914202091989,0.0066261081409606515,0.016976416444652358,1.0137914202091987,0.47815765715986935,0.016570242643673072,0.5525052631578949,0.965860280776723,0.8817630377259801,0.7590475197234489,0.759047519723449,0.018,0.082,0.0,0.0,0.0
100,0.9,100.0,2000,4.263157894736843,100.0,3.6099999999999963,3.586469175737983,0.7467606869310317,0.7443229275647872,1.0,0.01748260801010426,0.016546386986782017,0.9819140117310536,0.017482608010104705,0.01654638698678202,0.9819140117310542,0.15746638055515105,0.016044138401511938,0.13812631578947374,0.9232087286703946,0.7344160950863161,0.7399984481694658,0.7399984481694656,0.0565,0.075,0.0,0.0,0.0
100,0.9,-1.0,2000,4.263157894736843,100.0,3.6099999999999963,3.609999999999997,0.7443229275647872,0.7443229275647872,1.0,-0.026284311751808676,0.016515964028143038,0.9847252146818816,-0.02628431175180912,0.01651596402814303,0.9847252146818808,-0.004043667047786803,0.015663416249297842,0.0,0.8856868170415507,0.7003257997761685,0.7388993324765671,0.7388993324765674,0.0785,0.0785,0.0,0.0,0.0
250,0.3,5.0,2000,0.0989010989010989,250.0,207.02499999999995,206.69016193766095,0.0983682839390344,0.09828870230768308,1.0,0.001249840495370691,0.002204679139273746,1.0046402901624223,0.001249840495370913,0.002204679139273746,1.0046402901624223,0.007819669993734513,0.002219223384377085,0.007120879120879121,1.0179392152436288,0.09952952901482712,0.09857951970594282,0.09857951970594282,0.0,0.0,1.0,1.0,1.0
250,0.3,10.0,2000,0.0989010989010989,250.0,207.02499999999995,206.85744546916987,0.09832850117447851,0.09828870230768308,1.0,-0.0025558257529049166,0.002189027053623622,0.9912276659663004,-0.0025558257529052497,0.002189027053623621,0.9912276659662993,0.00047454727715789957,0.0021842500344132344,0.0035604395604395605,0.9869061597725876,0.09765936039404445,0.09790515455699939,0.09790515455699945,0.0,0.0,1.0,1.0,1.0
250,0.3,25.0,2000,0.0989010989010989,250.0,207.02499999999995,206.95794562561727,0.09830462378792146,0.09828870230768308,1.0,0.00306109441837088,0.0022101894077343385,1.0109765711600365,0.003061094418371102,0.002210189407734339,1.0109765711600367,0.004368176990289907,0.002210758205252381,0.0014241758241758241,1.0114969925832362,0.09893986659864601,0.0988653619724434,0.09886536197244337,0.0,0.0,1.0,1.0,1.0
250,0.3,100.0,2000,0.0989010989010989,250.0,207.02499999999995,207.00823233318093,0.09829268291952079,0.09828870230768308,1.0,-0.0005993853390140469,0.0022252794121078137,1.0250775370548828,-0.0005993853390141579,0.0022252794121078133,1.0250775370548824,-0.0002127467862259591,0.002225793298110756,0.00035604395604395603,1.0255510360855793,0.09951584153901653,0.09949444365503264,0.09949444365503265,0.0,0.0,1.0,1.0,1.0
250,0.3,-1.0,2000,0.0989010989010989,250.0,207.02499999999995,207.02499999999995,0.09828870230768308,0.09828870230768308,1.0,-0.001858874943635458,0.002191817965419284,0.9945617623115273,-0.001858874943635458,0.002191817965419284,0.994561762311527,-0.0018588749432100204,0.0021918179654114686,0.0,0.9945617623044346,0.0980141996705678,0.09801419967092523,0.09801419967092523,0.0,0.0,1.0,1.0,1.0
250,0.5,5.0,2000,0.3333333333333333,250.0,140.62500000000003,138.88888888888886,0.12000000000000001,0.11925695879998877,1.0,-0.002944920778461202,0.002698801879063229,1.0116016086715576,-0.002944920778461646,0.0026988018790632283,1.0116016086715571,0.050396886926445505,0.00272778103879717,0.06666666666666667,1.033442971614079,0.13196205596202285,0.120699843378852,0.12069984337885203,0.0,0.0,1.0,1.0,0.993
250,0.5,10.0,2000,0.3333333333333333,250.0,140.62500000000003,139.75155279503107,0.11962905629950907,0.11925695879998877,1.0,-0.008588004807952077,0.002641938733548641,0.9754435162487793,-0.008588004807952077,0.0026419387335486415,0.9754435162487795,0.020271125163475512,0.0026554298577833855,0.03333333333333333,0.9854312044482522,0.12044286058907212,0.11843333369435642,0.11843333369435642,0.0,0.0,1.0,1.0,0.993
250,0.5,25.0,2000,0.3333333333333333,250.0,140.62500000000003,140.2743142144638,0.11940593694526995,0.11925695879998877,1.0,-0.0003121471303390022,0.002649754157897267,0.9848936077874796,-0.0003121471303393353,0.0026497541578972667,0.984893607787479,0.012914123568419589,0.002657546983789921,0.013333333333333334,0.9906951954404323,0.11951913643292096,0.11847139077988993,0.11847139077988998,0.0,0.0,1.0,0.9995,0.99
250,0.5,100.0,2000,0.3333333333333333,250.0,140.62500000000003,140.53716427232985,0.11929422077833907,0.11925695879998877,1.0,0.002136782237742718,0.002630494418317429,0.9724470325295498,0.0021367822377431622,0.0026304944183174295,0.97244703252955,0.0056781340817273485,0.0026332234985777607,0.0033333333333333335,0.9744658641655052,0.11786873770250032,0.11762928252371956,0.11762928252371954,0.0,0.0,1.0,1.0,0.9925
250,0.5,-1.0,2000,0.3333333333333333,250.0,140.62500000000003,140.625,0.11925695879998878,0.11925695879998877,1.0,0.0008431334534360069,0.0027101362237742484,1.0328678931675013,0.0008431334534360069,0.0027101362237742484,1.0328678931675013,0.0008431334534140245,0.0027101362237641246,0.0,1.032867893159785,0.12117360578271924,0.121173605783172,0.121173605783172,0.0,0.0,1.0,1.0,0.9905
250,0.66,5.0,2000,0.7717930545712262,250.0,79.63684,76.7251606636975,0.16145299085600645,0.15847398848333022,1.0,0.0030941999656235453,0.003607873293637572,0.9987122122774555,0.0030941999656235453,0.0036078732936375714,0.9987122122774552,0.18863857123313243,0.003581149720097116,0.2689544436569809,0.9839720517575036,0.24742868176317606,0.16133833000750553,0.16133833000750555,0.0,0.0,0.849,0.084,0.137
250,0.66,10.0,2000,0.7717930545712262,250.0,79.63684,78.15389055926505,0.15997042426986993,0.15847398848333022,1.0,0.0013759493627001351,0.003598347615050523,1.0119448247875609,0.0013759493627003572,0.0035983476150505235,1.0119448247875613,0.11046318116281317,0.003611994236844371,0.13447722182849045,1.0196349181714721,0.19565805024132135,0.16088864549299173,0.1608886454929917,0.0,0.0,0.585,0.087,0.179
250,0.66,25.0,2000,0.7717930545712262,250.0,79.63684,79.03695783632504,0.15907425207091713,0.15847398848333022,0.9999999999999998,0.003974775498598815,0.0036243637925115167,1.038230497751748,0.003974775498598815,0.0036243637925115167,1.038230497751748,0.052060374729071546,0.0036267492811893425,0.05379088873139618,1.039597635430982,0.1703048736936133,0.16209469031495363,0.16209469031495363,0.0,0.0,0.297,0.1115,0.1895
250,0.66,100.0,2000,0.7717930545712262,250.0,79.63684,79.48601738045144,0.15862426733429358,0.15847398848333022,1.0,-0.004261652265038274,0.0035193024753566436,0.9844732664942095,-0.004261652265038274,0.003519302475356643,0.9844732664942093,0.008960167397255248,0.003540050444176617,0.013447722182849045,0.9961153636225577,0.15852970364341706,0.15740634045748553,0.15740634045748556,0.0,0.0,0.1445,0.1035,0.218
250,0.66,-1.0,2000,0.7717930545712262,250.0,79.63684,79.63684,0.15847398848333022,0.15847398848333022,1.0,-0.00221270045149502,0.003565840634825884,1.012599895548758,-0.002212700451494798,0.0035658406348258852,1.0125998955487585,-0.0022127004513974313,0.0035658406348205002,0.0,1.0125998955457,0.15944472299116333,0.15944472299140544,0.1594447229914054,0.0,0.0,0.097,0.097,0.22
250,0.9,5.0,2000,4.263157894736843,250.0,9.024999999999993,7.978112126730428,0.5006854027991803,0.47075115315785065,1.0,0.003447824429304358,0.011170509652308902,0.9955111120544589,0.003447824429304136,0.011170509652308902,0.9955111120544587,1.5457512245785296,0.010666119518287746,2.7625263157894744,0.9076387465259179,1.6176418927986638,0.4994473735961134,0.49944737359611346,0.0,0.0175,0.0035,0.0,0.0
250,0.9,10.0,2000,4.263157894736843,250.0,9.024999999999993,8.469327427482849,0.4859488248651412,0.47075115315785065,0.9999999999999993,0.0008466760227847647,0.010947042938578224,1.0149451352926073,0.0008466760227849868,0.010947042938578228,1.014945135292608,0.9907882358721616,0.010942786681784774,1.3812631578947372,1.014156058761172,1.1050025993129606,0.48944496862194775,0.48944496862194764,0.0,0.021,0.0,0.0,0.0
250,0.9,25.0,2000,4.263157894736843,250.0,9.024999999999993,8.794204886946961,0.4768883444526531,0.47075115315785065,0.9999999999999996,0.0031596283750205956,0.010694005070252146,1.0057206118567044,0.0031596283750205956,0.010694005070252146,1.0057206118567044,0.48383717301916174,0.010714029886695377,0.5525052631578949,1.0094906168779942,0.6808557059941297,0.47814130797514554,0.4781413079751455,0.0,0.014,0.0,0.0,0.0
250,0.9,100.0,2000,4.263157894736843,250.0,9.024999999999993,8.966172939344956,0.47229292755479896,0.47075115315785065,1.0,0.009904374346795475,0.010594010551862324,1.0063010216430561,0.009904374346795697,0.010594010551862326,1.0063010216430568,0.1432293520046053,0.010547386870729317,0.13812631578947374,0.997463156681532,0.49284697372259956,0.4737636359172885,0.4737636359172884,0.0055,0.0115,0.0,0.0,0.0
250,0.9,-1.0,2000,4.263157894736843,250.0,9.024999999999993,9.024999999999995,0.4707511531578506,0.47075115315785065,1.0,-0.0010306543037145177,0.010320995063949932,0.9613695254684611,-0.0010306543037147398,0.01032099506394993,0.9613695254684608,0.0006151028934839875,0.010230633545157996,0.0,0.944609411186191,0.4574138585126804,0.461454675487573,0.4614546754875731,0.0115,0.0115,0.0,0.0,0.0
500,0.3,5.0,2000,0.0989010989010989,500.0,414.04999999999984,413.3803238753219,0.06955688062697499,0.06950060791578858,1.0,-0.0033480948464122973,0.0015892815165383727,1.044122528158874,-0.0033480948464122973,0.0015892815165383727,1.0441225281588744,0.0031589750609199996,0.0015896015827610425,0.007120879120879121,1.0445431232533198,0.07114153972241831,0.07113589390021596,0.07113589390021595,0.0,0.0,1.0,1.0,1.0
500,0.3,10.0,2000,0.0989010989010989,500.0,414.04999999999984,413.71489093833975,0.06952874996438316,0.06950060791578858,1.0,-0.0014229213813231611,0.0015438809215258063,0.9861176992170945,-0.0014229213813234942,0.0015438809215258056,0.9861176992170939,0.0021284238172214476,0.0015430496339455808,0.0035604395604395605,0.985056054252007,0.0690228478941001,0.0690418549624814,0.06904185496248141,0.0,0.0,1.0,1.0,1.0
500,0.3,25.0,2000,0.0989010989010989,500.0,414.04999999999984,413.9158912512346,0.06951186610243165,0.06950060791578858,1.0,4.450362752828063e-05,0.0015563989170868937,1.0026605787431746,4.4503627528502676e-05,0.0015563989170868943,1.0026605787431753,0.0013642949479064637,0.001560574619079021,0.0014241758241758241,1.0080479227995423,0.06978690558400218,0.06958688656063201,0.06958688656063199,0.0,0.0,1.0,1.0,1.0
500,0.3,100.0,2000,0.0989010989010989,500.0,414.04999999999984,414.0164646663618,0.06950342263341229,0.06950060791578858,1.0,0.0019556992984808286,0.001509803176459431,0.9437528628015478,0.0019556992984806065,0.001509803176459431,0.9437528628015476,0.0023254522782716336,0.0015110564810848278,0.00035604395604395603,0.9453203528936502,0.06759961401270287,0.06753189259459862,0.06753189259459864,0.0,0.0,1.0,1.0,1.0
500,0.3,-1.0,2000,0.0989010989010989,500.0,414.04999999999984,414.04999999999984,0.06950060791578858,0.06950060791578858,1.0,0.0012044283588459326,0.0015203147387695807,0.9570173264821334,0.0012044283588457105,0.0015203147387695803,0.957017326482133,0.0012044283593968252,0.001520314738766487,0.0,0.9570173264782385,0.06798421214215276,0.0679842121422813,0.06798421214228131,0.0,0.0,1.0,1.0,1.0
500,0.5,5.0,2000,0.3333333333333333,500.0,281.25000000000006,277.77777777777777,0.08485281374238571,0.08432740427115677,1.0,-0.001979818664128996,0.001867198671097448,0.9684530214855769,-0.001979818664128996,0.001867198671097448,0.968453021485577,0.0499976861259539,0.0018632221585167521,0.06666666666666667,0.9643324477743958,0.09715704115046449,0.08350625728507798,0.08350625728507798,0.0,0.0,1.0,1.0,1.0
500,0.5,10.0,2000,0.3333333333333333,500.0,281.25000000000006,279.50310559006215,0.08459051693633013,0.08432740427115677,1.0,0.0022305172377672378,0.001910835232441313,1.020547253722094,0.0022305172377672378,0.0019108352324413132,1.0205472537220943,0.030699553130659973,0.001905989653295621,0.03333333333333333,1.0153779200692443,0.0905782693740815,0.0854628953812152,0.08546289538121518,0.0,0.0,1.0,1.0,1.0
500,0.5,25.0,2000,0.3333333333333333,500.0,281.25000000000006,280.5486284289276,0.08443274772793369,0.08432740427115677,1.0,0.0009139115493763672,0.0018902546477008767,1.0024178210222219,0.0009139115493759231,0.001890254647700876,1.0024178210222214,0.013969104996837789,0.00188165179629219,0.013333333333333334,0.9933142563094335,0.08528084337006431,0.08451856268297785,0.08451856268297787,0.0,0.0,1.0,1.0,1.0
500,0.5,100.0,2000,0.3333333333333333,500.0,281.25000000000006,281.0743285446597,0.0843537524687287,0.08432740427115677,1.0,0.0005541852784531898,0.0018892692720611716,1.0032493891689869,0.0005541852784534118,0.0018892692720611718,1.0032493891689873,0.003802262257191158,0.001888794891674798,0.0033333333333333335,1.0027456366443261,0.08453390998743208,0.08447138301016269,0.08447138301016267,0.0,0.0,1.0,1.0,1.0
500,0.5,-1.0,2000,0.3333333333333333,500.0,281.25000000000006,281.25,0.08432740427115679,0.08432740427115677,1.0,0.0010396790579343396,0.0018114937554003488,0.9229245822715666,0.0010396790579343396,0.0018114937554003488,0.9229245822715665,0.0010396790581972404,0.0018114937553885787,0.0,0.9229245822595731,0.08099888069931506,0.08099888069983788,0.08099888069983789,0.0,0.0,1.0,1.0,1.0
500,0.66,5.0,2000,0.7717930545712262,500.0,159.27368,153.450321327395,0.11416450467713181,0.11205803189824164,1.0,-0.0018470479999133094,0.002503555579276198,0.9617944721494643,-0.0018470479999133094,0.002503555579276198,0.9617944721494641,0.18527083471517236,0.0024751301744019814,0.2689544436569809,0.94007800493527,0.21580476057572717,0.11194965329479772,0.11194965329479775,0.0,0.0,1.0,1.0,1.0
500,0.66,10.0,2000,0.7717930545712262,500.0,159.27368,156.3077811185301,0.1131161717905141,0.11205803189824164,1.0,0.0008211189135742814,0.0025311192462174523,1.0013959032476902,0.0008211189135745034,0.0025311192462174523,1.0013959032476905,0.11106921405936454,0.002542163861432137,0.13447722182849045,1.0101542127095084,0.1589185386020451,0.11316977047240341,0.11316977047240338,0.0,0.0,1.0,0.9995,1.0
500,0.66,25.0,2000,0.7717930545712262,500.0,159.27368,158.0739156726501,0.11248248235152371,0.11205803189824164,0.9999999999999998,-0.0023377238421756763,0.0024984669745164337,0.9867506877491181,-0.0023377238421755653,0.0024984669745164337,0.9867506877491182,0.047807792012326544,0.002498249888892016,0.05379088873139618,0.9865792225383974,0.12149834871011392,0.1117313611348136,0.1117313611348136,0.0,0.0,1.0,1.0,1.0
500,0.66,100.0,2000,0.7717930545712262,500.0,159.27368,158.9720347609029,0.11216429509282676,0.11205803189824164,1.0,0.005007556873003471,0.002438272857916059,0.9451164919871775,0.005007556873003249,0.0024382728579160585,0.9451164919871773,0.01768742793238265,0.002443115016838399,0.013447722182849045,0.9488740274683704,0.11065486101785277,0.10913056176253746,0.10913056176253748,0.0,0.0,1.0,1.0,1.0
500,0.66,-1.0,2000,0.7717930545712262,500.0,159.27368,159.27368,0.11205803189824164,0.11205803189824164,1.0,-0.0016048148532847861,0.002462320099079577,0.9656795503702545,-0.001604814853284564,0.0024623200990795775,0.965679550370255,-0.0016048148528825523,0.0024623200990754597,0.0,0.965679550367025,0.11010246569020916,0.11010246569039911,0.1101024656903991,0.0,0.0,1.0,1.0,1.0
500,0.9,5.0,2000,4.263157894736843,500.0,18.04999999999999,15.956224253460856,0.3540380435604184,0.3328713326493032,1.0,0.006045826535760801,0.007996112371966239,1.0202060835427795,0.006045826535760579,0.007996112371966239,1.0202060835427793,1.567804632534925,0.007766531104576519,2.7625263157894744,0.9624635768818613,1.6057985731682793,0.3575587229192689,0.35755872291926893,0.0,0.0015,0.7315,0.0,0.0
500,0.9,10.0,2000,4.263157894736843,500.0,18.04999999999999,16.938654854965698,0.3436177093717753,0.3328713326493032,0.9999999999999993,0.002790991021174749,0.007871212752435016,1.0494511340954253,0.002790991021174971,0.00787121275243502,1.0494511340954258,1.002212936560408,0.007777874898072068,1.3812631578947372,1.0247096495317944,1.0608303119402394,0.35193438881257044,0.3519343888125704,0.0,0.0015,0.08,0.0,0.0
500,0.9,25.0,2000,4.263157894736843,500.0,18.04999999999999,17.588409773893922,0.3372109822312971,0.3328713326493032,0.9999999999999996,0.007853186091255626,0.007379171678396752,0.95772716098658,0.007853186091255626,0.007379171678396752,0.9577271609865802,0.486639963635042,0.007389929840821601,0.5525052631578949,0.9605217551512051,0.5882057201763631,0.33001752934598816,0.3300175293459881,0.0,0.001,0.0,0.0,0.0
500,0.9,100.0,2000,4.263157894736843,500.0,18.04999999999999,17.93234587868991,0.3339615317804452,0.3328713326493032,1.0,0.005094684564868945,0.007501455920001181,1.009086114603049,0.005094684564869167,0.007501455920001182,1.0090861146030492,0.14039672978464468,0.007526463987427437,0.13812631578947374,1.0158254351007643,0.36462297566411367,0.3354301206053764,0.3354301206053763,0.0,0.0,0.0,0.0,0.0
500,0.9,-1.0,2000,4.263157894736843,500.0,18.04999999999999,18.04999999999999,0.3328713326493032,0.3328713326493032,1.0,-0.010698821370526912,0.007437367679389337,0.9984256058715731,-0.010698821370527023,0.007437367679389336,0.9984256058715728,-0.010698821371131206,0.007437367679404499,0.0,0.9984256058756439,0.3326981008933385,0.3326981008926415,0.33269810089264157,0.0,0.0,0.0,0.0,0.0
1000,0.3,5.0,2000,0.0989010989010989,1000.0,828.0999999999997,826.7606477506439,0.0491841419695172,0.04914435115384154,1.0,0.002583655198926449,0.0010869819637391654,0.97684233409895,0.002583655198926671,0.0010869819637391658,0.9768423340989506,0.009071097574830933,0.0010872844949940846,0.007120879120879121,0.9773861636613345,0.04945177215983402,0.048667785273073125,0.04866778527307309,0.0,0.0,1.0,1.0,1.0
1000,0.3,10.0,2000,0.0989010989010989,1000.0,828.0999999999997,827.4297818766795,0.04916425058723926,0.04914435115384154,1.0,-0.00022535028732639795,0.0010912106356169777,0.9852542773632916,-0.00022535028732662,0.001091210635616977,0.9852542773632905,0.003282535493535299,0.0010931778903796319,0.0035604395604395605,0.9888099489436628,0.04898628176740942,0.04878874198693721,0.04878874198693723,0.0,0.0,1.0,1.0,1.0
1000,0.3,25.0,2000,0.0989010989010989,1000.0,828.0999999999997,827.8317825024692,0.04915231189396073,0.04914435115384154,1.0,-0.00011455321509512562,0.0011061337728051142,1.0128786130472895,-0.00011455321509490357,0.0011061337728051146,1.0128786130472904,0.001323999792123276,0.0011042745322831856,0.0014241758241758241,1.0094764887554857,0.049390060118463,0.04945557033536164,0.04945557033536162,0.0,0.0,1.0,1.0,1.0
1000,0.3,100.0,2000,0.0989010989010989,1000.0,828.0999999999997,828.0329293327236,0.0491463414597604,0.04914435115384154,1.0,-0.0007415898230529461,0.0011160364266804123,1.0313459038133972,-0.0007415898230531681,0.0011160364266804119,1.0313459038133967,-0.00037574787948668753,0.001115905514970371,0.00035604395604395603,1.0311039630774113,0.04989374888734234,0.049903697553539496,0.0499036975535395,0.0,0.0,1.0,1.0,1.0
1000,0.3,-1.0,2000,0.0989010989010989,1000.0,828.0999999999997,828.0999999999997,0.04914435115384154,0.04914435115384154,1.0,-0.0001293970463759342,0.0010933957532420734,0.9900053696433798,-0.00012939704637615623,0.0010933957532420731,0.9900053696433794,-0.00012939704508785344,0.0010933957532501418,0.0,0.9900053696579907,0.04888608979835616,0.04888608979799882,0.048886089797998834,0.0,0.0,1.0,1.0,1.0
1000,0.5,5.0,2000,0.3333333333333333,1000.0,562.5000000000001,555.5555555555555,0.06,0.05962847939999438,1.0,7.709157384216958e-05,0.0013233417978975048,0.9729075078125561,7.709157384216958e-05,0.0013233417978975048,0.9729075078125561,0.05227995518849138,0.0013111302390814714,0.06666666666666667,0.9550347243521314,0.0785467991688682,0.05916689731363219,0.05916689731363219,0.0,0.0,1.0,1.0,1.0
1000,0.5,10.0,2000,0.3333333333333333,1000.0,562.5000000000001,559.0062111801243,0.059814528149754534,0.05962847939999438,1.0,0.0015541878393909858,0.0013209368180975142,0.9753954469969112,0.0015541878393909858,0.0013209368180975144,0.9753954469969115,0.030784707453779037,0.0013098332148295327,0.03333333333333333,0.9590663016171442,0.06616123223841452,0.05907976625354806,0.059079766253548056,0.0,0.0,1.0,1.0,1.0
1000,0.5,25.0,2000,0.3333333333333333,1000.0,562.5000000000001,561.0972568578552,0.059702968472634975,0.05962847939999438,1.0,0.000603870865495848,0.0013324237706658964,0.99614575696507,0.0006038708654954039,0.0013324237706658958,0.9961457569650694,0.013033028653502088,0.0013346035281219001,0.013333333333333334,0.9994076805161353,0.06107709737582966,0.05957596424892011,0.05957596424892014,0.0,0.0,1.0,1.0,1.0
1000,0.5,100.0,2000,0.3333333333333333,1000.0,562.5000000000001,562.1486570893194,0.05964711038916953,0.05962847939999438,1.0,-0.001972970528896445,0.0013082771893937607,0.9621675726790976,-0.001972970528896223,0.0013082771893937611,0.9621675726790979,0.0013091683184214276,0.0013120011375852823,0.0033333333333333335,0.9676528960165948,0.058674411328543244,0.05852657030853322,0.05852657030853322,0.0,0.0,1.0,1.0,1.0
1000,0.5,-1.0,2000,0.3333333333333333,1000.0,562.5000000000001,562.5,0.05962847939999439,0.05962847939999438,1.0,-0.00105727473578765,0.0013292794232954766,0.9939283791731746,-0.001057274735787539,0.0013292794232954766,0.9939283791731747,-0.0010572747353064793,0.0013292794232875793,0.0,0.9939283791613648,0.059441722858883064,0.05944172285924466,0.05944172285924465,0.0,0.0,1.0,1.0,1.0
1000,0.66,5.0,2000,0.7717930545712262,1000.0,318.54736,306.90064265479,0.08072649542800323,0.07923699424166511,1.0,0.0001733849911511598,0.0017990581770147385,0.9933177885457635,0.00017338499115093775,0.0017990581770147382,0.9933177885457631,0.18625276723682793,0.001779207805895625,0.2689544436569809,0.9715186642176588,0.20252922889321245,0.08043639785941474,0.08043639785941475,0.0,0.0,1.0,1.0,1.0
1000,0.66,10.0,2000,0.7717930545712262,1000.0,318.54736,312.6155622370602,0.07998521213493497,0.07923699424166511,1.0,-0.0008741414141439918,0.0017943953568479102,1.0065766863234256,-0.0008741414141438808,0.0017943953568479109,1.0065766863234258,0.10878388976980569,0.0017781735655033476,0.13447722182849045,0.9884595304590457,0.13473891505548774,0.0802324975422673,0.08023249754226727,0.0,0.0,1.0,1.0,1.0
1000,0.66,25.0,2000,0.7717930545712262,1000.0,318.54736,316.1478313453002,0.07953712603545857,0.07923699424166511,0.9999999999999998,0.00015552401717955355,0.0017850072319175304,1.0073262862322199,0.00015552401717955355,0.0017850072319175302,1.0073262862322196,0.049622337836743746,0.0017804632620917638,0.05379088873139618,1.0022042518116274,0.09380461192432475,0.0798081422719367,0.07980814227193671,0.0,0.0,1.0,1.0,1.0
1000,0.66,100.0,2000,0.7717930545712262,1000.0,318.54736,317.94406952180583,0.07931213366714679,0.07923699424166511,1.0,0.00028659466716329796,0.0017609336122013568,0.9859086912294335,0.00028659466716329796,0.0017609336122013568,0.9859086912294335,0.013338731076729893,0.0017577501818405487,0.013447722182849045,0.9823472455610643,0.07971325777156849,0.0787321765384249,0.07873217653842489,0.0,0.0,1.0,1.0,1.0
1000,0.66,-1.0,2000,0.7717930545712262,1000.0,318.54736,318.54736,0.07923699424166511,0.07923699424166511,1.0,-0.0004620139201713114,0.0018316277563013702,1.0686818718735245,-0.00046201392017108933,0.0018316277563013707,1.0686818718735251,-0.00046201392007250153,0.0018316277562980506,0.0,1.068681871869651,0.08189370593585055,0.08189370593599954,0.08189370593599951,0.0,0.0,1.0,1.0,1.0
1000,0.9,5.0,2000,4.263157894736843,1000.0,36.09999999999998,31.912448506921713,0.25034270139959014,0.2353755765789253,1.0,-0.006891356436817153,0.005746251329347323,1.053730040730303,-0.006891356436817153,0.005746251329347321,1.0537300407303025,1.55987627934792,0.0055791259524232755,2.7625263157894744,0.9933275002098665,1.5796949620138452,0.2570083268480828,0.25700832684808284,0.0,0.0,1.0,0.0,0.0
1000,0.9,10.0,2000,4.263157894736843,1000.0,36.09999999999998,33.877309709931396,0.2429744124325706,0.2353755765789253,0.9999999999999991,-0.005687270121756405,0.00546997434171565,1.0136300867061072,-0.005687270121756183,0.005469974341715652,1.0136300867061079,0.9976644872823259,0.005419930187570515,1.3812631578947372,0.9951677639068585,1.0266724599488117,0.24462964460627815,0.2446296446062781,0.0,0.0,0.9705,0.0,0.0
1000,0.9,25.0,2000,4.263157894736843,1000.0,36.09999999999998,35.176819547787844,0.23844417222632655,0.2353755765789253,0.9999999999999996,-0.0037324864143863934,0.005339103699437138,1.0027514140026095,-0.0037324864143863934,0.005339103699437138,1.0027514140026097,0.48070934864513637,0.005324472910700457,0.5525052631578949,0.9972632484495558,0.5364262777088951,0.23874145440875344,0.23874145440875344,0.0,0.0,0.218,0.0,0.0
1000,0.9,100.0,2000,4.263157894736843,1000.0,36.09999999999998,35.86469175737982,0.23614646377739948,0.2353755765789253,1.0,-0.0009656876194497066,0.005306095086035718,1.009757666688945,-0.0009656876194494846,0.005306095086035719,1.0097576666889452,0.13158501833044567,0.005297253188035063,0.13812631578947374,1.006395218279995,0.2709397328447432,0.2372384202266174,0.23723842022661734,0.0,0.0,0.0015,0.0005,0.0
1000,0.9,-1.0,2000,4.263157894736843,1000.0,36.09999999999998,36.09999999999999,0.23537557657892527,0.2353755765789253,1.0,0.0057403587805753276,0.005411002714497532,1.0569701085844174,0.0057403587805753276,0.005411002714497532,1.0569701085844174,0.005740358779946053,0.0054110027145215225,0.0,1.05697010859379,0.24199498656307847,0.24199498656202106,0.24199498656202106,0.0,0.0,0.001,0.001,0.0
