K,D_over_A,nu,pooled,nu_tot,reps,rho,kappa,eps,eta,err_kap_rate,err_s_rate,rse_kappa,rse_s,ci_kappa_cover,ci_union_cover,ci_gw_cover,cov_oracle,cov_plug,cov_safe,width_safe_over_oracle,width_plug_over_oracle,width_safe_over_anchor,width_oracle_over_anchor,cert_fixed_K,false_fixed_K,falses_fixed_K,cert_plug_frozen,false_plug_frozen,falses_plug_frozen,cert_plug_matched,false_plug_matched,falses_plug_matched,cert_ci_union,false_ci_union,falses_ci_union,cert_ci_gw,false_ci_gw,falses_ci_gw,cert_ci_kappa,false_ci_kappa,falses_ci_kappa,false_ci_kappa_star
30,0.25,4.0,False,4.0,20000,0.4472135954999579,0.8944271909999159,0.1,0.05,0.20995,0.57925,0.12878879582569389,0.201039299423368,0.94965,0.98735,0.96285,0.96555,0.94975,0.97375,1.0801327386258817,0.9824222738855735,0.9661000913161939,0.8944271909999159,0.0,0.0,0.0,0.0,0.0,0.0,0.0,0.0,0.0,0.0,0.0,0.0,0.0,0.0,0.0,0.06405,0.0437,0.0425,0.0027
30,0.25,12.0,False,12.0,20000,0.4472135954999579,0.8944271909999159,0.1,0.05,0.1072,0.56285,0.07649231434525416,0.17768072470915047,0.94985,0.98365,0.95455,0.96425,0.95555,0.97235,1.0670670684866916,0.9876408796714924,0.9544138006750663,0.8944271909999159,0.0,0.0,0.0,0.0,0.0,0.0,0.0,0.0,0.0,0.0,0.0,0.0,0.0,0.0,0.0,0.18715,0.00105,0.1269,0.0001
30,0.25,40.0,False,40.0,20000,0.4472135954999579,0.8944271909999159,0.1,0.05,0.0582,0.55065,0.05128262291708397,0.16755595578889293,0.95245,0.9776,0.9516,0.962,0.9567,0.96975,1.0570119948926455,0.9896184955048968,0.9454202694450463,0.8944271909999159,0.0,0.0,0.0,0.0,0.0,0.0,0.0,0.0,0.0,0.0,0.0,0.0,0.0,0.0,0.0,0.517,0.0,0.25995,0.0
30,1.0,4.0,False,4.0,20000,0.7071067811865476,0.7071067811865476,0.1,0.05,0.79565,0.8004,0.424736071895394,0.4597736050461207,0.9528,0.9929,0.9563,0.96315,0.8219,0.98595,1.2884061272803928,0.9185842335456335,0.9110407095222639,0.7071067811865476,0.0,0.0,0.0,0.0,0.0,0.0,0.0,0.0,0.0,0.0,0.0,0.0,0.0,0.0,0.0,0.01165,0.01165,0.0115,0.01165
30,1.0,12.0,False,12.0,20000,0.7071067811865476,0.7071067811865476,0.1,0.05,0.6758,0.7502,0.32861603266489514,0.3805916122902178,0.9499,0.9922,0.9537,0.96185,0.86985,0.98455,1.2434334040356112,0.9188506036135519,0.8792401919474531,0.7071067811865476,0.0,0.0,0.0,0.0,0.0,0.0,0.0,0.0,0.0,0.0,0.0,0.0,0.0,0.0,0.0,0.00775,0.00775,0.00775,0.00775
30,1.0,40.0,False,40.0,20000,0.7071067811865476,0.7071067811865476,0.1,0.05,0.5576,0.7224,0.24915922629313172,0.32294675567625586,0.94765,0.98725,0.95045,0.96545,0.9054,0.9824,1.2095305941187238,0.9344018041725932,0.8552672851539431,0.7071067811865476,0.0,0.0,0.0,0.0,0.0,0.0,0.0,0.0,0.0,0.0,0.0,0.0,0.0,0.0,0.0,0.0054,0.0054,0.0054,0.0054
30,4.0,4.0,False,4.0,20000,0.8944271909999159,0.44721359549995787,0.1,0.05,0.949,0.9451,0.7955195793757559,0.8396946596750615,0.95045,0.98835,0.9514,0.96285,0.66735,0.9849,1.89574402425205,1.0377149761071287,0.8478025012333186,0.44721359549995787,0.0,0.0,0.0,0.0,0.0,0.0,0.0,0.0,0.0,0.0,0.0,0.0,0.0,0.0,0.0,0.0052,0.0052,0.0052,0.0052
30,4.0,12.0,False,12.0,20000,0.8944271909999159,0.44721359549995787,0.1,0.05,0.9189,0.9238,0.6907009517357444,0.7527518236727817,0.94915,0.9926,0.95295,0.96455,0.66225,0.98735,1.7737437291340665,0.895805301061628,0.7932423106015493,0.44721359549995787,0.0,0.0,0.0,0.0,0.0,0.0,0.0,0.0,0.0,0.0,0.0,0.0,0.0,0.0,0.0,0.00085,0.00085,0.00085,0.00085
30,4.0,40.0,False,40.0,20000,0.8944271909999159,0.44721359549995787,0.1,0.05,0.8839,0.8958,0.5991040082561071,0.672189692008662,0.95165,0.9926,0.9531,0.9664,0.6873,0.98705,1.6768504726072468,0.8383507686237858,0.7499103289704905,0.44721359549995787,0.0,0.0,0.0,0.0,0.0,0.0,0.0,0.0,0.0,0.0,0.0,0.0,0.0,0.0,0.0,0.0,0.0,0.0,0.0
100,0.25,4.0,False,4.0,20000,0.4472135954999579,0.8944271909999159,0.1,0.05,0.18475,0.3986,0.10699725688963128,0.13679470123975376,0.94955,0.99355,0.9578,0.9488,0.9395,0.9632,1.0777258477193885,0.9915371726583944,0.9639473026436557,0.8944271909999159,1.0,0.18475,0.3986,0.0425,0.0398,0.02525,0.77395,0.0398,0.2347,0.0,0.0,0.0,0.0,0.0,0.0,0.06115,0.0398,0.0355,0.00205
100,0.25,12.0,False,12.0,20000,0.4472135954999579,0.8944271909999159,0.1,0.05,0.0682,0.3276,0.058396248370598945,0.10441641595394394,0.95075,0.99115,0.95655,0.9486,0.94455,0.9596,1.0611410264857517,0.9951130071679263,0.9491133875744181,0.8944271909999159,1.0,0.0682,0.3276,0.00055,0.0005,0.0004,0.8375,0.0005,0.21555,0.0,0.0,0.0,0.0,0.0,0.0,0.21715,0.0005,0.0907,5e-05
100,0.25,40.0,False,40.0,20000,0.4472135954999579,0.8944271909999159,0.1,0.05,0.01305,0.28355,0.034892862775162715,0.09376621555260144,0.9503,0.98485,0.94985,0.9475,0.94675,0.9572,1.045923807750566,0.9966310717128845,0.9355026933662746,0.8944271909999159,1.0,0.01305,0.28355,0.0,0.0,0.0,0.9267,0.0,0.2232,0.0,0.0,0.0,0.0,0.0,0.0,0.8029,0.0,0.1718,0.0
100,1.0,4.0,False,4.0,20000,0.7071067811865476,0.7071067811865476,0.1,0.05,0.7809,0.77905,0.4026370087049309,0.41471862866022097,0.95075,0.9882,0.9505,0.95275,0.8318,0.9829,1.2799130780036012,0.9392591579900325,0.9050352167856931,0.7071067811865476,1.0,0.7809,0.77905,0.0068,0.0068,0.0068,0.3187,0.3187,0.31025,0.0,0.0,0.0,0.0,0.0,0.0,0.01175,0.01175,0.01175,0.01175
100,1.0,12.0,False,12.0,20000,0.7071067811865476,0.7071067811865476,0.1,0.05,0.64525,0.68715,0.2772998247150947,0.29858307377061116,0.94735,0.9919,0.9484,0.9496,0.8857,0.9782,1.2246661543581026,0.9544618754238836,0.8659697424362653,0.7071067811865476,1.0,0.64525,0.68715,0.0,0.0,0.0,0.14495,0.14495,0.14155,0.0,0.0,0.0,0.0,0.0,0.0,0.00785,0.00785,0.00785,0.00785
100,1.0,40.0,False,40.0,20000,0.7071067811865476,0.7071067811865476,0.1,0.05,0.44405,0.5759,0.15783480375157183,0.19709076954162247,0.95115,0.99305,0.952,0.9486,0.92615,0.97415,1.1724565788348336,0.9787586900542381,0.8290519975408908,0.7071067811865476,1.0,0.44405,0.5759,0.0,0.0,0.0,0.0264,0.0264,0.0262,0.0,0.0,0.0,0.0,0.0,0.0,0.00775,0.00775,0.00775,0.00775
100,4.0,4.0,False,4.0,20000,0.8944271909999159,0.44721359549995787,0.1,0.05,0.94775,0.9457,0.7862871325598598,0.7987345442586227,0.95095,0.9813,0.95005,0.9488,0.678,0.986,1.8708323926111028,1.055442200089412,0.8366616808774001,0.44721359549995787,1.0,0.94775,0.9457,0.00295,0.00295,0.00295,0.16675,0.16675,0.16675,0.0,0.0,0.0,0.0,0.0,0.0,0.0045,0.0045,0.0045,0.0045
100,4.0,12.0,False,12.0,20000,0.8944271909999159,0.44721359549995787,0.1,0.05,0.9084,0.907,0.6570457201136658,0.6758905205392229,0.9493,0.9891,0.9495,0.94975,0.69605,0.9889,1.7212378365953243,0.9360927716805246,0.7697609616143638,0.44721359549995787,1.0,0.9084,0.907,0.0,0.0,0.0,0.02685,0.02685,0.02685,0.0,0.0,0.0,0.0,0.0,0.0,0.00055,0.00055,0.00055,0.00055
100,4.0,40.0,False,40.0,20000,0.8944271909999159,0.44721359549995787,0.1,0.05,0.84665,0.8548,0.5302213945003127,0.5570444617517124,0.9515,0.9945,0.95295,0.9506,0.73915,0.98865,1.565920534570446,0.8790414654827313,0.7003009525324652,0.44721359549995787,1.0,0.84665,0.8548,0.0,0.0,0.0,0.00025,0.00025,0.00025,0.0,0.0,0.0,0.0,0.0,0.0,0.0,0.0,0.0,0.0
300,0.25,4.0,False,4.0,20000,0.4472135954999579,0.8944271909999159,0.1,0.05,0.17705,0.2863,0.1019177592271689,0.11310373082844466,0.94925,0.99155,0.95005,0.94815,0.9418,0.9636,1.0770667623404382,0.9939321192425512,0.9633577987595321,0.8944271909999159,1.0,0.17705,0.2863,0.93085,0.1079,0.2173,0.9788,0.15585,0.2651,0.0027,0.0027,0.0014,0.0174,0.0174,0.011,0.0637,0.04105,0.03705,0.0023
300,0.25,12.0,False,12.0,20000,0.4472135954999579,0.8944271909999159,0.1,0.05,0.0547,0.163,0.054413265734861126,0.07363201601005177,0.94985,0.99445,0.9522,0.95,0.94825,0.96175,1.0596485144896808,0.9977451369457329,0.9477784442622389,0.8944271909999159,1.0,0.0547,0.163,0.9885,0.0432,0.1515,0.99935,0.05405,0.16235,0.00025,0.00025,0.00015,0.0181,0.0006,0.0097,0.2351,0.0006,0.0547,5e-05
300,0.25,40.0,False,40.0,20000,0.4472135954999579,0.8944271909999159,0.1,0.05,0.0048,0.08675,0.030401903116857473,0.05839191828053673,0.9509,0.99245,0.95035,0.9498,0.9481,0.9569,1.041855239749814,0.9984278048489635,0.9318636555179699,0.8944271909999159,1.0,0.0048,0.08675,1.0,0.0048,0.08675,1.0,0.0048,0.08675,0.0,0.0,0.0,0.03875,0.0,0.0111,0.90435,0.0,0.0507,0.0
300,1.0,4.0,False,4.0,20000,0.7071067811865476,0.7071067811865476,0.1,0.05,0.7866,0.78675,0.3984674378915024,0.40264534199714447,0.94845,0.97885,0.94655,0.95125,0.83485,0.98405,1.2766191000893274,0.9429722713837382,0.9027060226654314,0.7071067811865476,1.0,0.7866,0.78675,0.5276,0.46655,0.45925,0.67615,0.46655,0.4741,0.00045,0.00045,0.00045,0.00275,0.00275,0.00275,0.0128,0.0128,0.0128,0.0128
300,1.0,12.0,False,12.0,20000,0.7071067811865476,0.7071067811865476,0.1,0.05,0.62965,0.6459,0.2566231253160996,0.26438426552739175,0.95085,0.9884,0.9496,0.9505,0.9,0.9795,1.2182814469122398,0.9649619889872035,0.861455072505404,0.7071067811865476,1.0,0.62965,0.6459,0.4398,0.3372,0.33725,0.7017,0.3372,0.36325,0.0,0.0,0.0,0.0005,0.0005,0.0005,0.0072,0.0072,0.0072,0.0072
300,1.0,40.0,False,40.0,20000,0.7071067811865476,0.7071067811865476,0.1,0.05,0.39405,0.4637,0.1296390387288334,0.14646207469530076,0.95055,0.9945,0.9522,0.95145,0.94055,0.975,1.1577429921122593,0.9884783991967039,0.8186479205937823,0.7071067811865476,1.0,0.39405,0.4637,0.3284,0.1852,0.21555,0.783,0.1852,0.26325,0.0,0.0,0.0,0.0,0.0,0.0,0.009,0.009,0.00895,0.009
300,4.0,4.0,False,4.0,20000,0.8944271909999159,0.44721359549995787,0.1,0.05,0.9464,0.94615,0.7859282004794876,0.7906259214423138,0.94945,0.97275,0.94935,0.9491,0.6798,0.98725,1.8632109881071788,1.0596001629215872,0.8332532851664408,0.44721359549995787,1.0,0.9464,0.94615,0.3086,0.3086,0.3086,0.43855,0.43855,0.43855,0.0003,0.0003,0.0003,0.0011,0.0011,0.0011,0.0051,0.0051,0.0051,0.0051
300,4.0,12.0,False,12.0,20000,0.8944271909999159,0.44721359549995787,0.1,0.05,0.9047,0.9057,0.6516527017909364,0.6586492069301396,0.94925,0.9806,0.9491,0.9477,0.6998,0.99045,1.7012823789405098,0.938934376912854,0.7608366096467071,0.44721359549995787,1.0,0.9047,0.9057,0.1231,0.1231,0.1231,0.2909,0.2909,0.2909,0.0,0.0,0.0,5e-05,5e-05,5e-05,0.0008,0.0008,0.0008,0.0008
300,4.0,40.0,False,40.0,20000,0.8944271909999159,0.44721359549995787,0.1,0.05,0.8371,0.8415,0.4987742316721349,0.5092511781323903,0.9484,0.99045,0.94925,0.9497,0.77265,0.9905,1.5286763645739587,0.9119846736371222,0.6836448533569245,0.44721359549995787,1.0,0.8371,0.8415,0.0131,0.0131,0.0131,0.12515,0.12515,0.12515,0.0,0.0,0.0,0.0,0.0,0.0,5e-05,5e-05,5e-05,5e-05
30,0.25,4.0,True,120.0,20000,0.4472135954999579,0.8944271909999159,0.1,0.05,0.0409,0.5492,0.04406752092741702,0.16635834897120444,0.9508,0.9666,0.94695,0.9647,0.959,0.97125,1.0520860718724308,0.9894466693161714,0.9410143899549935,0.8944271909999159,0.0,0.0,0.0,0.0,0.0,0.0,0.0,0.0,0.0,0.0,0.0,0.0,0.0,0.0,0.0,0.73285,0.0,0.3094,0.0
30,0.25,12.0,True,360.0,20000,0.4472135954999579,0.8944271909999159,0.1,0.05,0.0324,0.5473,0.04110911916546366,0.16581704399461572,0.95075,0.96345,0.9502,0.96455,0.9588,0.9706,1.050391555974388,0.9899778635507559,0.9394987688602028,0.8944271909999159,0.0,0.0,0.0,0.0,0.0,0.0,0.0,0.0,0.0,0.0,0.0,0.0,0.0,0.0,0.0,0.81425,0.0,0.3619,0.0
30,0.25,40.0,True,1200.0,20000,0.4472135954999579,0.8944271909999159,0.1,0.05,0.02985,0.54365,0.0396003434304358,0.1646068594991849,0.94865,0.9567,0.949,0.96645,0.96175,0.9719,1.0498746090112445,0.9904179141509352,0.9390363974400623,0.8944271909999159,0.0,0.0,0.0,0.0,0.0,0.0,0.0,0.0,0.0,0.0,0.0,0.0,0.0,0.0,0.0,0.8457,0.0,0.38935,0.0
30,1.0,4.0,True,120.0,20000,0.7071067811865476,0.7071067811865476,0.1,0.05,0.4871,0.70815,0.2121820319099193,0.298691142515743,0.94805,0.98095,0.9477,0.9658,0.918,0.98115,1.1938178229567133,0.9416048622406208,0.8441566781140531,0.7071067811865476,0.0,0.0,0.0,0.0,0.0,0.0,0.0,0.0,0.0,0.0,0.0,0.0,0.0,0.0,0.0,0.0045,0.0045,0.0045,0.0045
30,1.0,12.0,True,360.0,20000,0.7071067811865476,0.7071067811865476,0.1,0.05,0.46545,0.71105,0.2009171718016176,0.2925538713029959,0.94875,0.9713,0.9477,0.96595,0.92155,0.9809,1.1862410784223156,0.94186266948921,0.8387991106744624,0.7071067811865476,0.0,0.0,0.0,0.0,0.0,0.0,0.0,0.0,0.0,0.0,0.0,0.0,0.0,0.0,0.0,0.0045,0.0045,0.0045,0.0045
30,1.0,40.0,True,1200.0,20000,0.7071067811865476,0.7071067811865476,0.1,0.05,0.4487,0.7067,0.1953249060085749,0.28852684656500904,0.95025,0.965,0.94925,0.9643,0.92105,0.97985,1.1835239998570735,0.9424994514054531,0.836877845995963,0.7071067811865476,0.0,0.0,0.0,0.0,0.0,0.0,0.0,0.0,0.0,0.0,0.0,0.0,0.0,0.0,0.0,0.0033,0.0033,0.0033,0.0033
30,4.0,4.0,True,120.0,20000,0.8944271909999159,0.44721359549995787,0.1,0.05,0.866,0.889,0.5613005319418579,0.6426491760459433,0.94975,0.98825,0.95075,0.9652,0.6994,0.98635,1.6308339686011248,0.8184635663563399,0.7293311227615743,0.44721359549995787,0.0,0.0,0.0,0.0,0.0,0.0,0.0,0.0,0.0,0.0,0.0,0.0,0.0,0.0,0.0,0.0,0.0,0.0,0.0
30,4.0,12.0,True,360.0,20000,0.8944271909999159,0.44721359549995787,0.1,0.05,0.85825,0.8832,0.546128021453665,0.6311996244748646,0.9505,0.98055,0.95015,0.966,0.70395,0.98635,1.6104530837587094,0.8059265014157899,0.7202165139717274,0.44721359549995787,0.0,0.0,0.0,0.0,0.0,0.0,0.0,0.0,0.0,0.0,0.0,0.0,0.0,0.0,0.0,0.0,0.0,0.0,0.0
30,4.0,40.0,True,1200.0,20000,0.8944271909999159,0.44721359549995787,0.1,0.05,0.8517,0.88305,0.5390227219011,0.6264048654437966,0.9496,0.96995,0.9498,0.9648,0.7039,0.9865,1.6029211274420263,0.8039445153497867,0.7168481207061946,0.44721359549995787,0.0,0.0,0.0,0.0,0.0,0.0,0.0,0.0,0.0,0.0,0.0,0.0,0.0,0.0,0.0,0.0,0.0,0.0,0.0
100,0.25,4.0,True,400.0,20000,0.4472135954999579,0.8944271909999159,0.1,0.05,0.0005,0.26395,0.020934244011879048,0.08949351378425789,0.9483,0.96815,0.9496,0.9492,0.9478,0.95495,1.0323353506832034,0.9970826946106952,0.9233488078814905,0.8944271909999159,1.0,0.0005,0.26395,0.0,0.0,0.0,0.9866,0.0,0.25055,0.0,0.0,0.0,0.0,0.0,0.0,0.9998,0.0003,0.26375,0.00165
100,0.25,12.0,True,1200.0,20000,0.4472135954999579,0.8944271909999159,0.1,0.05,0.0003,0.2565,0.01915283449820951,0.08810185110246346,0.953,0.9642,0.9535,0.9491,0.94825,0.95505,1.0308155273227153,0.9972541325682938,0.9219894365423533,0.8944271909999159,1.0,0.0003,0.2565,0.0,0.0,0.0,0.9903,0.0,0.2468,0.0,0.0,0.0,0.0,0.0,0.0,1.0,0.0003,0.2565,0.00085
100,0.25,40.0,True,4000.0,20000,0.4472135954999579,0.8944271909999159,0.1,0.05,0.00025,0.26015,0.01879587167092497,0.08885167876211866,0.95105,0.95825,0.95125,0.9492,0.948,0.9552,1.0303100346829877,0.997404873802284,0.9215373101805304,0.8944271909999159,1.0,0.00025,0.26015,0.0,0.0,0.0,0.99125,0.0,0.2514,0.0,0.0,0.0,0.0,0.0,0.0,1.0,0.00025,0.26015,0.00045
100,1.0,4.0,True,400.0,20000,0.7071067811865476,0.7071067811865476,0.1,0.05,0.20995,0.4924,0.08744198085939016,0.14995710893723532,0.95215,0.9824,0.9515,0.9488,0.93835,0.97025,1.1230854428647414,0.9856604475870392,0.7941413325015556,0.7071067811865476,1.0,0.20995,0.4924,0.0,0.0,0.0,5e-05,5e-05,5e-05,0.0,0.0,0.0,0.0,0.0,0.0,0.0384,0.0384,0.03835,0.0203
100,1.0,12.0,True,1200.0,20000,0.7071067811865476,0.7071067811865476,0.1,0.05,0.1813,0.484,0.08030741770768529,0.14607385560450162,0.94915,0.97445,0.9493,0.949,0.9403,0.96855,1.1176537897309968,0.9869316865491097,0.7903005737376317,0.7071067811865476,1.0,0.1813,0.484,0.0,0.0,0.0,0.0001,0.0001,0.0001,0.0,0.0,0.0,0.0,0.0,0.0,0.0633,0.04905,0.0633,0.01685
100,1.0,40.0,True,4000.0,20000,0.7071067811865476,0.7071067811865476,0.1,0.05,0.1711,0.48845,0.0792070706623454,0.14636754200241647,0.94805,0.9637,0.9482,0.94975,0.9408,0.96765,1.1151029135200559,0.9865409754317458,0.7884968318709079,0.7071067811865476,1.0,0.1711,0.48845,0.0,0.0,0.0,0.0,0.0,0.0,0.0,0.0,0.0,0.0,0.0,0.0,0.07285,0.0421,0.07285,0.01595
100,4.0,4.0,True,400.0,20000,0.8944271909999159,0.44721359549995787,0.1,0.05,0.75015,0.79505,0.39085669202626216,0.4323028151041466,0.9499,0.9882,0.94945,0.94825,0.81965,0.98435,1.423021243034455,0.8968371939556873,0.636394446570258,0.44721359549995787,1.0,0.75015,0.79505,0.0,0.0,0.0,0.0,0.0,0.0,0.0,0.0,0.0,0.0,0.0,0.0,0.0,0.0,0.0,0.0
100,4.0,12.0,True,1200.0,20000,0.8944271909999159,0.44721359549995787,0.1,0.05,0.73485,0.78345,0.37250043830590995,0.4166787767488885,0.9505,0.98235,0.94995,0.94895,0.8269,0.98585,1.4051208481958537,0.8987347761073352,0.6283891466336183,0.44721359549995787,1.0,0.73485,0.78345,0.0,0.0,0.0,0.0,0.0,0.0,0.0,0.0,0.0,0.0,0.0,0.0,5e-05,5e-05,5e-05,5e-05
100,4.0,40.0,True,4000.0,20000,0.8944271909999159,0.44721359549995787,0.1,0.05,0.72515,0.78025,0.3634379447413888,0.40870984693633483,0.9484,0.9703,0.94825,0.94785,0.8339,0.9857,1.3978210666795368,0.9006017162261236,0.6251245850953419,0.44721359549995787,1.0,0.72515,0.78025,0.0,0.0,0.0,0.0,0.0,0.0,0.0,0.0,0.0,0.0,0.0,0.0,0.0,0.0,0.0,0.0
300,0.25,4.0,True,1200.0,20000,0.4472135954999579,0.8944271909999159,0.1,0.05,0.0,0.04995,0.01155058945601017,0.05102141312269848,0.95085,0.96955,0.9521,0.94785,0.9479,0.9525,1.020082057028221,0.9990741533259948,0.9123891288571678,0.8944271909999159,1.0,0.0,0.04995,1.0,0.0,0.04995,1.0,0.0,0.04995,0.0001,0.0,0.0001,0.395,0.0,0.02315,1.0,0.0,0.04995,0.0
300,0.25,12.0,True,3600.0,20000,0.4472135954999579,0.8944271909999159,0.1,0.05,0.0,0.0493,0.010743518623189443,0.05084444087139705,0.95045,0.96285,0.95175,0.9463,0.9464,0.9514,1.018955494573153,0.9991211796442602,0.9113815007649951,0.8944271909999159,1.0,0.0,0.0493,1.0,0.0,0.0493,1.0,0.0,0.0493,0.0056,0.0,0.0056,0.4534,0.0,0.0232,1.0,0.0,0.0493,0.0
300,0.25,40.0,True,12000.0,20000,0.4472135954999579,0.8944271909999159,0.1,0.05,0.0,0.05095,0.010567923244677204,0.05132052392947836,0.9489,0.9561,0.94945,0.9501,0.9489,0.9537,1.0185095403979016,0.9991063494274962,0.9109826272247105,0.8944271909999159,1.0,0.0,0.05095,1.0,0.0,0.05095,1.0,0.0,0.05095,0.0651,0.0,0.024,0.4751,0.0,0.024,1.0,0.0,0.05095,0.0
300,1.0,4.0,True,1200.0,20000,0.7071067811865476,0.7071067811865476,0.1,0.05,0.0376,0.2358,0.047110057253840744,0.08494980960756042,0.94855,0.9821,0.94995,0.9507,0.9474,0.96395,1.0778329518135557,0.9956866000592308,0.7621429892136785,0.7071067811865476,1.0,0.0376,0.2358,0.0903,0.0045,0.08125,0.96055,0.0045,0.19635,0.0,0.0,0.0,0.0,0.0,0.0,0.67515,0.0045,0.1104,0.0021
300,1.0,12.0,True,3600.0,20000,0.7071067811865476,0.7071067811865476,0.1,0.05,0.02715,0.2312,0.04404315725208172,0.08387054704123165,0.94715,0.9718,0.948,0.9473,0.9454,0.96195,1.073534717460362,0.9958904777725189,0.7591036785554064,0.7071067811865476,1.0,0.02715,0.2312,0.0759,0.00225,0.0746,0.97045,0.00225,0.20165,0.0,0.0,0.0,0.0,0.0,0.0,0.80875,0.00225,0.1077,0.00105
300,1.0,40.0,True,12000.0,20000,0.7071067811865476,0.7071067811865476,0.1,0.05,0.02165,0.2199,0.04231541058194729,0.08194773609906776,0.9525,0.96695,0.9519,0.9518,0.94945,0.96455,1.0716200270731802,0.9955746134999274,0.7577497879987574,0.7071067811865476,1.0,0.02165,0.2199,0.06425,0.00125,0.0642,0.97545,0.00125,0.19535,0.0,0.0,0.0,0.0,0.0,0.0,0.8558,0.00125,0.0994,0.0007
300,4.0,4.0,True,1200.0,20000,0.8944271909999159,0.44721359549995787,0.1,0.05,0.5802,0.64995,0.21492051512116803,0.2440900564664672,0.951,0.98905,0.9511,0.94995,0.9137,0.98135,1.2788213801861494,0.9632757938651645,0.5719063074352665,0.44721359549995787,1.0,0.5802,0.64995,0.0,0.0,0.0,0.0005,0.0005,0.0005,0.0,0.0,0.0,0.0,0.0,0.0,0.0,0.0,0.0,0.0
300,4.0,12.0,True,3600.0,20000,0.8944271909999159,0.44721359549995787,0.1,0.05,0.5568,0.6345,0.1997444618134669,0.23116769625432135,0.9504,0.98045,0.9514,0.95075,0.91785,0.98335,1.2637930039775762,0.9652782121556587,0.5651854132765044,0.44721359549995787,1.0,0.5568,0.6345,0.0,0.0,0.0,0.0001,0.0001,0.0001,0.0,0.0,0.0,0.0,0.0,0.0,0.0,0.0,0.0,0.0
300,4.0,40.0,True,12000.0,20000,0.8944271909999159,0.44721359549995787,0.1,0.05,0.5448,0.62995,0.1914543746034729,0.22461743225464983,0.94985,0.97065,0.94965,0.95005,0.92085,0.98055,1.26081287822344,0.9703984351822208,0.5638526605229551,0.44721359549995787,1.0,0.5448,0.62995,0.0,0.0,0.0,0.0,0.0,0.0,0.0,0.0,0.0,0.0,0.0,0.0,0.0,0.0,0.0,0.0
