K,Dbar_over_A,slog,two_point,reps,cv_D,kappa,nu_den,nu_num,nu_den_over_K1,K_I,K_I_eff,K_raw,rse_bound,rse_unweighted,rse_w_oracle,rse_w_feasible,eff_unweighted,eff_w_oracle,eff_w_feasible,nominal,cov_oracle_a,cov_oracle_b,cov_safe_a,cov_safe_b,cov_enlarge,cov_model_valid,cov_model_plug,contain_b_over_a,contain_a_over_a,w_oracle_a,w_oracle_b,w_safe_a,w_safe_b,w_enlarge,w_model_valid,w_model_plug,enl_share
30,1.0,0.0,False,20000,0.0,0.7071067811865476,29.0,299.9999999999999,1.0,7.5,7.317073170731709,30.0,0.5228129047119373,0.5324560743554411,0.5192479805515089,0.526626073700036,0.9818892672880534,1.0068655522870633,0.9927592476359789,0.967741935483871,0.96445,0.96445,0.98035,0.97875,1.0,0.9896,0.83945,0.9597,0.94825,2.2845340006181374,2.2845340006181374,2.7221008356139205,2.6870905304668025,4.804088273371714,2.9397561353037642,1.5753168127925123,0.65
30,1.0,0.5,False,20000,0.4109152406548759,0.7071067811865476,27.864327507247886,256.6622384012335,0.9608388795602719,8.395400012696133,8.226518506623323,30.0,0.4930681594867993,0.5445590069844394,0.48877158165722406,0.504939202936714,0.9054448703680859,1.0087905639174177,0.9764901529117307,0.967741935483871,0.96555,0.9669,0.98015,0.9793,1.0,0.9908,0.83825,0.9212,0.9542,2.280820681335059,2.3145755145825695,2.728377353039645,2.7347832359649167,4.7746178778004715,2.971716146891842,1.572963401764923,0.65
30,1.0,1.0,False,20000,1.2235404945762254,0.7071067811865476,21.30227067837179,120.14170272349915,0.7345610578748893,13.462877426437615,13.360164240608544,30.0,0.38690923804800376,0.6342877778000148,0.3877095043649848,0.42298573603515255,0.6099900574940492,0.9979359125634751,0.9147098946519779,0.967741935483871,0.96505,0.97075,0.9831,0.9858,0.9991,0.99575,0.81925,0.83485,0.9841,2.2923062296923664,2.5250848754221633,2.8049898335467724,3.0715552880390984,4.5913846157673595,3.223233163717203,1.5532251417691207,0.65
30,1.0,1.5,False,20000,1.6763759185614835,0.7071067811865475,17.279051332590903,78.73527588633137,0.595829356296238,16.296215921802666,16.214954786779,30.0,0.3512021183753667,0.6936271073094613,0.35059188717122564,0.3932764419257776,0.5063269798345382,1.001740574230239,0.8930159067133965,0.967741935483871,0.9653,0.9722,0.9834,0.98835,0.9982,0.99815,0.8109,0.84715,0.9941,2.2977283874614876,2.649568747936606,2.8411549721506475,3.287040443677253,4.386940673935438,3.4543985506510055,1.5346951874702366,0.65
30,4.0,0.0,False,20000,0.0,0.4472135954999579,29.0,299.9999999999999,1.0,1.2000000000000004,1.1278195488721807,30.0,1.3316656236958784,1.347298022179496,1.3149819646345589,1.7829800121270305,0.9883972230150466,1.0126873672111207,0.746876361281947,0.967741935483871,0.96305,0.96305,0.98425,0.982,1.0,0.98675,0.6593,0.9647,0.97015,2.2797838969233903,2.2797838969233912,3.758537245052915,3.6394563799380792,8.477392539227106,4.025228202573409,1.4339446531018185,0.65
30,4.0,0.5,False,20000,0.42836733436595725,0.4472135954999579,26.046591026984583,253.48573019489558,0.8981583112753304,1.6191862802918773,1.535080940714551,30.0,1.141430197599062,1.4385485418301092,1.1426606808095563,1.5759354031283277,0.7934596326843056,0.9989231420743185,0.7242874265869359,0.967741935483871,0.96325,0.96575,0.98485,0.98265,1.0,0.9879,0.6422,0.9623,0.97405,2.2798184132134853,2.365047627756236,3.8074917384858127,3.8396148675972603,8.437195618922848,4.141180957578465,1.407823631080562,0.65
30,4.0,1.0,False,20000,0.9080081777104189,0.4472135954999579,19.212027704384987,164.43051662137108,0.6624837139443099,2.8005675845789795,2.696899221327554,30.0,0.8611576003084973,1.6726752832797804,0.8662850614000697,1.257039727181366,0.5148384799588478,0.9940810925640511,0.6850679272002429,0.967741935483871,0.9663,0.972,0.9919,0.9904,1.0,0.9941,0.6174,0.9668,0.986,2.29917003858934,2.5809791726469458,3.9871951287627816,4.419968796595061,8.32301521998345,4.589556748917509,1.4042349887703989,0.65
30,4.0,1.5,False,20000,1.8334589816340556,0.447213595499958,9.424091913794417,68.7825424384925,0.3249686866825661,7.560971975667015,7.445354824924267,30.0,0.5182893655363423,2.4034251822534354,0.5515413386212084,0.8842175587730665,0.2156461409172711,0.9397108235477104,0.5861559300581145,0.967741935483871,0.9674,0.97205,0.9961,0.9958,1.0,0.9989,0.5387,0.9756,0.99725,2.328427241796226,3.0498354991661323,4.370682954200961,5.774657034706056,7.777135585461958,6.006753898321963,1.3696857993317983,0.65
100,1.0,0.0,False,20000,0.0,0.7071067811865476,99.0,1000.0000000000002,1.0,25.0,24.390243902439025,100.0,0.2863564212655271,0.28771840656611786,0.28561037916219145,0.32484439300628903,0.9952662559311172,1.0026120973107633,0.8815187438374015,0.9504950495049505,0.9502,0.9502,0.9676,0.96615,1.0,0.9812,0.88675,0.95725,0.94355,1.989002151737047,1.989002151737047,2.2334937689314125,2.2016293016333766,4.746641461985292,2.4564222979904056,1.6270409217959143,0.6
100,1.0,0.5,False,20000,0.5089401920135962,0.7071067811865476,93.0362867029485,794.2684829826769,0.9397604717469545,29.19632352502712,28.649477378976847,100.0,0.2642144987591945,0.29688963974116567,0.26292252959256074,0.29879947636239323,0.8899417944982586,1.0049138777442765,0.8842535535060544,0.9504950495049505,0.94815,0.94765,0.9668,0.96575,1.0,0.9803,0.8873,0.9038,0.94735,1.9884433237534496,2.002168562358139,2.233357555535216,2.224513320957801,4.698991085833653,2.4757747725136126,1.6244120963688997,0.6
100,1.0,1.0,False,20000,1.0977437181379448,0.7071067811865476,76.25842084178124,453.50625100881314,0.7702870792099116,37.52272683466433,37.07706796474664,100.0,0.23225352079640973,0.3325773593347311,0.2327518591345429,0.2581562307904527,0.6983443529078363,0.997858928646215,0.899662658093779,0.9504950495049505,0.9477,0.9494,0.96775,0.96745,0.9999,0.98455,0.8797,0.8824,0.95835,1.991995082321101,2.0158386434979643,2.2359193972371374,2.2687108858684466,4.552878893819181,2.549979850553171,1.6226517532519344,0.7000000000000001
100,1.0,1.5,False,20000,1.8549369705983996,0.7071067811865476,53.469901593357,225.1850994267925,0.5401000160945152,55.054940303572145,54.799370346452996,100.0,0.1910412775132061,0.3972879382652848,0.18983728786672277,0.20541434999888017,0.48086352268172894,1.0063422189603162,0.9300288782855121,0.9504950495049505,0.95015,0.9519,0.96895,0.97295,0.99865,0.99045,0.8722,0.86905,0.9749,1.992007231629594,2.0354475445234663,2.223021065604924,2.3434137552664933,4.209860780847947,2.6975211520427447,1.6085969118606114,0.8
100,4.0,0.0,False,20000,0.0,0.4472135954999579,99.0,1000.0000000000002,1.0,4.000000000000002,3.7593984962406015,100.0,0.7293833011524188,0.7314721342119817,0.7264917110835365,1.392939947030939,0.9971443436299686,1.0039802106820594,0.52362867667562,0.9504950495049505,0.94985,0.94985,0.9861,0.98135,1.0,0.9901,0.7832,0.9641,0.9743,1.9875398999814384,1.9875398999814384,2.858507424891969,2.747569000485998,8.363851967297453,3.079670527512075,1.514882695188647,0.6
100,4.0,0.5,False,20000,0.5583349986979471,0.44721359549995787,82.67243917100922,762.3473759871433,0.8350751431415072,6.237359663037247,5.941056327111491,100.0,0.5802072655240984,0.8024576883079851,0.5809655974112052,1.056721148180241,0.7230378298792166,0.9986947043155636,0.549063739779659,0.9504950495049505,0.9482,0.9509,0.9893,0.986,1.0,0.99355,0.76335,0.96555,0.9802,1.990480919169495,2.026258374637865,2.883419864059426,2.870608226055534,8.2874127900267,3.1992847659265653,1.4979124551224288,0.6
100,4.0,1.0,False,20000,0.8294429683089607,0.4472135954999579,68.94837554459419,592.4256118862583,0.6964482378241836,11.075006927301127,10.746920409347027,100.0,0.43139288856570773,0.8884160820414512,0.4327175770948467,0.7586113005705188,0.4855752808688802,0.9969386764040588,0.5686613002485934,0.9504950495049505,0.9524,0.95855,0.98865,0.9872,1.0,0.99325,0.74775,0.9678,0.9836,1.9944705131290146,2.0808078800139627,2.9007118708561888,3.022439918739435,8.167756474004289,3.3284859020940973,1.483394038593469,0.7000000000000001
100,4.0,1.5,False,20000,1.4304686662765014,0.44721359549995787,43.11159898778246,328.27347856021237,0.4354706968462875,18.05057061652336,17.687451901532558,100.0,0.3362655385791766,1.125955622279972,0.33671819431205274,0.5624935738692756,0.2986490159339186,0.9986556837720013,0.5978122314643994,0.9504950495049505,0.951,0.95615,0.9904,0.9909,1.0,0.997,0.7012,0.97645,0.9925,1.9950593227677138,2.094026786634552,2.952763950727712,3.2374880350743203,7.768725474196974,3.716670560243036,1.447989265920982,0.7000000000000001
300,1.0,0.0,False,20000,0.0,0.7071067811865476,299.0,3000.0000000000005,1.0,75.0,73.17073170731707,300.0,0.16532795690182994,0.16554918989189815,0.1650908622629043,0.2379778105853031,0.9986636419651906,1.0014361463479917,0.6947200518199917,0.9501661129568106,0.952,0.952,0.9673,0.96265,0.99995,0.9747,0.89485,0.95755,0.9623,1.969963312841187,1.969963312841187,2.141252102679081,2.10008877335774,4.724872908080069,2.240471371597857,1.6402876278668963,0.6
300,1.0,0.5,False,20000,0.5597745141865158,0.7071067811865476,277.34622652365294,2284.2393080435972,0.9275793529219162,87.7713540888181,86.12581618234705,300.0,0.152387141488611,0.1714551834472324,0.1518420963102876,0.20590411935628963,0.8887870195858508,1.0035895525125627,0.7400878717968986,0.9501661129568106,0.95045,0.952,0.96505,0.9634,1.0,0.9741,0.89655,0.90285,0.9595,1.9693885514033442,1.9775207562360884,2.1354817210747643,2.1130652476465,4.668170661987181,2.25022721458552,1.6367557869837646,0.6
300,1.0,1.0,False,20000,1.0955312102563783,0.7071067811865476,230.1693238931078,1363.5194525991133,0.7697970698766147,117.07758449854506,115.80754540367762,300.0,0.1314154932677063,0.19114526685088645,0.13198629879012747,0.16319328942757583,0.687516334737309,0.9956752668447139,0.8052751049302654,0.9501661129568106,0.95205,0.9563,0.96655,0.9669,0.9998,0.9771,0.89555,0.8913,0.964,1.9695511184757826,1.9923223401528776,2.130962538023023,2.14612508628676,4.519475230927437,2.2869933879520694,1.6368028870261118,0.7000000000000001
300,1.0,1.5,False,20000,2.1109632878664413,0.7071067811865476,141.68496819714406,549.836643259113,0.4738627698901139,157.35096554926466,156.4521209631647,300.0,0.1130639803018778,0.2463172724820127,0.11310876173299354,0.12720988098685196,0.4590176692141404,0.9996040852147117,0.8887987271489056,0.9501661129568106,0.9514,0.94875,0.96445,0.9654,0.9989,0.98095,0.89135,0.8628,0.979,1.970837656096387,1.960463684502025,2.127103672494205,2.157836988943314,4.158675933612314,2.3973061270387066,1.6349355192616175,0.7000000000000001
300,4.0,0.0,False,20000,0.0,0.4472135954999579,299.0,3000.0000000000005,1.0,12.000000000000004,11.278195488721803,300.0,0.4211096452627669,0.4228471233263075,0.42184863107510345,1.2363412250008747,0.9958910018120195,0.9982482204328761,0.3406095637249894,0.9501661129568106,0.95195,0.95195,0.9852,0.98035,1.0,0.98685,0.86685,0.96405,0.98375,1.9689607937401705,1.9689607937401705,2.583382758981697,2.452805893979282,8.322658148915071,2.622847154477803,1.6005848165585634,0.5
300,4.0,0.5,False,20000,0.5456421604754776,0.4472135954999579,251.28014979577756,2311.737194648995,0.8404018387818648,19.179344709808227,18.28535632484327,300.0,0.33072215100487207,0.45985429834404684,0.328952637153727,0.8567266315813796,0.719188995722809,1.005379235948542,0.38602996430076203,0.9501661129568106,0.94885,0.95315,0.9845,0.98135,1.0,0.98675,0.8584,0.96415,0.985,1.9712774860368962,2.005011212691617,2.5900711498346674,2.5421611288918116,8.247449366140362,2.6886799459725483,1.5928350033958214,0.6
300,4.0,1.0,False,20000,1.4010184483491455,0.4472135954999579,132.76943773344752,1012.5376828480029,0.4440449422523328,44.72829668023155,43.653607144977755,300.0,0.21404492242566234,0.6411086044644403,0.21343166020303495,0.42684587041670496,0.33386686894409723,1.0028733423243956,0.5014571705161459,0.9501661129568106,0.9503,0.95485,0.9875,0.98755,1.0,0.9928,0.8114,0.98015,0.99415,1.971580852952102,2.0290919106443943,2.6374123559011013,2.747485975825311,7.863315404732879,2.9673045122437247,1.5453913901578569,0.7000000000000001
300,4.0,1.5,False,20000,1.6806333204057098,0.4472135954999579,106.72273507695236,784.4104473674635,0.35693222433763333,72.49246816422547,71.46323574983353,300.0,0.1672914169266629,0.7209648226793284,0.16741078827748182,0.38264246877469904,0.23203825160977512,0.999286955446258,0.4372003386408333,0.9501661129568106,0.9518,0.95895,0.98785,0.99075,1.0,0.995,0.78785,0.98005,0.9937,1.9732252409650652,2.0611110632791863,2.61538220361228,2.862842074409659,7.458784270690218,3.0864952086490955,1.5194121243260839,0.7000000000000001
30,4.0,,True,20000,0.9749999999999996,0.4472135954999579,18.268629222855555,153.79685998077542,0.6299527318226054,12.586064243912766,12.561996671065565,30.0,0.3990117279220397,1.6989146116988039,0.4562006599046554,0.7256903774548557,0.23486273246131775,0.8746408389795666,0.5498374242214088,0.967741935483871,0.9689,0.97995,0.9904,0.989,1.0,0.99215,0.6114,0.95395,0.98045,2.336517940456358,2.6611455497124554,4.083028588698798,4.571319318000958,8.00346245654682,4.659886095051991,1.4076587670164575,0.65
100,4.0,,True,20000,0.9750000000000001,0.44721359549995787,61.7879351822432,512.6561999359178,0.6241205573963959,41.95354747970925,41.873322236885215,100.0,0.2185477240920151,0.9394366280348584,0.22813074837006114,0.34147174932387947,0.23263700559470388,0.9579932808421731,0.6400169985503742,0.9504950495049505,0.95305,0.96895,0.98655,0.9899,1.0,0.9929,0.7335,0.97265,0.98215,2.0052706719688542,2.238706727330456,2.8676785390889976,3.2958557040396737,7.853693418595158,3.4054286961711218,1.4687695604134017,0.7000000000000001
300,4.0,,True,20000,0.9750000000000001,0.4472135954999579,186.1345083688803,1537.968599807754,0.6225234393608037,125.86064243912769,125.61996671065569,300.0,0.12617858733530493,0.5396456857700659,0.12702761372107738,0.18311610440539958,0.2338174670205138,0.9933162061310803,0.6890633008222966,0.9501661129568106,0.94915,0.9707,0.98395,0.99085,1.0,0.99005,0.83605,0.9835,0.9876,1.9753931557991629,2.210802515458537,2.5231080447873397,2.8925080349503265,7.822462562066522,2.8126124557020273,1.5735838346853737,0.7000000000000001
