item,essround,min_n,K,m,nominal_rank,n_countries,zero_Dhat,nu_med,nu_q10,nu_q90,Fc_med,gamma_hat,gamma_lo,gamma_hi,t_lo,fallback,struct_R2_on_Dhat,struct_slope,skew_dev,kurt_dev,rho2_hat,w_certified,w_gaussian,w_sep_bonf,w_uncorrected,cert_over_unc,cert_over_sep,cert_over_gauss
trstprl,9,40,274,262,0.9527272727272728,29,0,29.5,8.0,208.70000000000002,0.49927738354269063,0.5404826207328707,0.43998203910325273,0.6409832023624886,0.32612504075516763,0,0.36933785791617546,-0.5404826207328707,-0.3035516765135099,1.3272466084978856,0.3811989525941315,0.17141780947603338,0.18227807796702755,0.17641747803068247,0.20090709691777153,0.8532192844645617,0.9716600157169261,0.9404192286196988
trstprl,9,60,229,219,0.9521739130434783,29,0,39.0,11.8,226.80000000000007,0.4804049062132214,0.4478588947464239,0.3435963942475926,0.5521213952452552,0.29814176522585106,0,0.2760237424755778,-0.4478588947464239,0.006503129959088878,1.0480230622152726,0.35542264205795804,0.14993323450210444,0.1682010898994782,0.15209026327819064,0.16563997507708117,0.9051754229758394,0.9858174433419137,0.8913927644090108
trstprl,9,80,197,189,0.9545454545454546,29,0,46.0,15.0,239.40000000000006,0.4804049062132214,0.4309394295991376,0.3486755996765344,0.5132032595217408,0.29893752470916296,0,0.24617960198932642,-0.4309394295991376,0.14712752966692577,1.4947519700851117,0.3404268751762867,0.14820990803156756,0.1614118792727275,0.15085969087950937,0.16563997507708117,0.8947713736529936,0.9824354482466878,0.9182094198974451
trstprl,9,100,172,165,0.953757225433526,29,0,54.0,15.100000000000001,262.80000000000007,0.4804049062132214,0.3994571952062664,0.31674355009953475,0.482170840312998,0.286127768491114,0,0.21376061127421553,-0.3994571952062664,0.04322718326839336,2.162803483116477,0.3283739315535528,0.14763319924044388,0.15616617500556873,0.1497166883502029,0.16563997507708117,0.8912896731102635,0.9860837884358922,0.9453596416456984
trstprl,9,150,115,111,0.9568965517241379,29,0,84.0,14.4,330.40000000000003,0.4448801335000725,0.28498150523828625,0.19005069124779767,0.37991231922877483,0.33656822528091107,0,0.11502201528789113,-0.28498150523828625,0.0007282431129432502,0.820000626559918,0.3939332435376434,0.10971875119285186,0.12259995530430373,0.10745765939662826,0.12270099259495199,0.8941961175085537,1.0210416996696148,0.8949330439845626
trstprl,10,40,216,207,0.9539170506912442,22,0,30.0,8.0,179.5,0.4210524218244235,0.6375925041192455,0.5343299602065824,0.7408550480319086,0.3177138785116373,0,0.6052186711593703,-0.6375925041192455,-0.4175013870095641,1.558711408808981,0.3545029708358804,0.1793716604537617,0.19735820806749665,0.1949504831449166,0.2217864542454775,0.8087584116171032,0.9200883094012424,0.9088634428238043
trstprl,10,60,183,175,0.9510869565217391,22,0,35.0,11.0,198.60000000000008,0.4210524218244235,0.6154369509652224,0.5242481716100559,0.706625730320389,0.3422771791064918,0,0.6055949430347868,-0.6154369509652224,-0.4477490347981964,1.735489218064214,0.37302256921391447,0.1470844255939669,0.17906215604551115,0.16098193387925422,0.18479465387443206,0.7959344196932815,0.9136703855495284,0.8214154729410459
trstprl,10,80,153,147,0.9545454545454546,22,0,42.0,13.0,216.20000000000005,0.4210524218244235,0.6336700890687297,0.5486837822528912,0.7186563958845682,0.3526600253256994,0,0.6089231031793737,-0.6336700890687297,-0.4501822809948912,2.3552997487299763,0.3752769719387079,0.14054311619644796,0.17018183596219585,0.15484024800144697,0.1681042707447633,0.8360472674120094,0.9076652744390761,0.8258408742732578
trstprl,10,100,133,128,0.9552238805970149,22,0,51.0,15.0,230.8,0.41727803425676424,0.6133395180087713,0.5401539518335063,0.6865250841840362,0.3745145286146755,0,0.5945860084249466,-0.6133395180087713,-0.46928602651195395,2.722058485071422,0.3757128064237459,0.1342152814518137,0.15711423979216935,0.14820527975526315,0.16347925655467985,0.8209927319245053,0.9056039142023032,0.8542528139356026
trstprl,10,150,77,75,0.9615384615384616,21,0,78.0,28.6,286.00000000000017,0.40561517535528313,0.6873372074508233,0.6045017628341526,0.770172652067494,0.29049459837579966,0,0.6530006144564604,-0.6873372074508233,-0.3886542393814192,4.4256946989648425,0.3200087976462788,0.13049938010940898,0.16098910163845348,0.14819081024388328,0.15672397055958387,0.8326702012682563,0.880617225148045,0.8106100275190193
trstprl,11,40,230,220,0.9523809523809523,24,0,44.5,14.0,190.2,0.45779387573637054,0.5178874770251816,0.4020845043843244,0.6336904496660387,0.3082504288949615,0,0.46705035316432864,-0.5178874770251816,0.017404865257393064,0.7735118338662423,0.3817658687464262,0.1595035040475312,0.18357575316438002,0.165506574213624,0.18384499576965319,0.8675977465678727,0.9637291135133733,0.8688702146013058
trstprl,11,60,189,181,0.9526315789473684,24,0,52.0,16.8,218.80000000000032,0.45779387573637054,0.5197817582314349,0.40523053247719565,0.6343329839856742,0.2797075421389985,0,0.46085780738654536,-0.5197817582314349,0.20631640785208574,0.4063882644698227,0.34627845559578385,0.15711307005171776,0.1812169875421671,0.15836686496055577,0.17148835141883212,0.9161734237446537,0.9920829719704921,0.8669886426357206
trstprl,11,80,159,152,0.95,24,0,63.0,20.0,245.60000000000014,0.45779387573637054,0.5813625987125313,0.48947490168210794,0.6732502957429546,0.3058999105429502,0,0.5543237428741112,-0.5813625987125313,0.29221278569114345,0.49649430854306287,0.345711124412266,0.14711277495624653,0.17076798621059416,0.15249354839606935,0.16631520034260988,0.8845419700255521,0.9647147469750824,0.8614774831087157
trstprl,11,100,136,131,0.9562043795620438,24,0,71.5,30.0,263.0,0.45167711311295167,0.6044634224310083,0.5237912976612764,0.6851355472007401,0.30200607910495353,0,0.564558997131269,-0.6044634224310083,0.5333195355450207,0.2545543046025167,0.34344445583459376,0.14538584596532755,0.16585745828147297,0.14045397592944728,0.16631520034260988,0.8741584994386095,1.035113780177769,0.8765710476437936
trstprl,11,150,94,91,0.9578947368421052,23,0,79.5,38.0,278.7,0.45167711311295167,0.618550262481538,0.5607312677105828,0.6763692572524932,0.22978259623438915,0,0.6179927777179598,-0.618550262481538,0.6203975876328788,0.4907259601277665,0.27354862749474274,0.158511215266981,0.17591427901920892,0.16085792643815705,0.16631520034260988,0.9530771387128018,0.9854112804812373,0.9010707723713116
stflife,9,40,277,265,0.9532374100719424,29,3,30.0,8.0,210.60000000000002,0.10263297562342502,0.6413226804238895,0.5426417598032544,0.7400036010445247,0.3257817223808984,0,0.04212777366866627,-0.6413226804238895,0.24597395452837878,4.550794253703822,0.4522093951894036,0.10785126282938146,0.12174931500741333,0.10625979694450956,0.13033208992493245,0.8275111900031734,1.014977121457356,0.8858469784640216
stflife,9,60,230,220,0.9523809523809523,29,1,38.5,11.900000000000002,231.0,0.08779626569401179,0.561472835314488,0.45845088068697876,0.6644947899419973,0.3261604912463987,0,0.05983804254914693,-0.561472835314488,0.9246012232218858,6.806288686006232,0.4463031341967371,0.09596033179147694,0.10639277396789114,0.0924989192926118,0.1123143324557013,0.8543907949533096,1.03742111286636,0.9019440720705086
stflife,9,80,198,190,0.9547738693467337,29,0,46.5,15.0,244.3,0.08646621349455808,0.5678004823327705,0.4865353206640348,0.6490656440015061,0.29852063844937116,0,0.1739800849632155,-0.5678004823327705,0.8373015109556626,7.691769639728365,0.3972639522984012,0.09736503833937368,0.10672405912557817,0.09275139015124487,0.1123143324557013,0.8668977165294209,1.0497420920657423,0.9123063640674304
stflife,9,100,171,164,0.9534883720930233,29,0,54.0,15.0,267.0,0.08513616129510437,0.46674622756699596,0.3843832078256243,0.5491092473083676,0.3691629519884962,0,0.12713331880296186,-0.46674622756699596,0.6775207628786801,3.4944347475583104,0.4501125567361661,0.08193078369116606,0.08501034116520004,0.0759399027301672,0.09396887529554579,0.8718927776189916,1.0788897634262966,0.963774319314288
stflife,9,150,117,113,0.9576271186440678,29,0,79.0,13.600000000000001,338.8,0.08407200060277453,0.3309836755938064,0.23429734804092242,0.42767000314669046,0.28438287457244726,0,0.06385806816829254,-0.3309836755938064,1.047909836914786,5.135931438467798,0.3955283240956337,0.06506072824124068,0.08092065768456284,0.06223729689120779,0.07447059793134561,0.8736431564739162,1.0453655844817347,0.8040064194096664
stflife,10,40,217,208,0.9541284403669725,22,3,30.0,8.0,181.60000000000002,0.1034857136505916,0.8368650847739142,0.7331210651649971,0.9406091043828313,0.7103646944214765,0,0.05768860948055421,-0.8368650847739142,1.1783113139045853,4.527295358503636,0.45083161106987435,0.08042642502052662,0.09524540403584618,0.10558505148416295,0.11001432726333218,0.7310541001447616,0.7617217010363446,0.8444126604813147
stflife,10,60,186,178,0.9518716577540107,22,1,35.0,11.0,197.5,0.1034857136505916,0.7944051958729227,0.7039909868316045,0.8848194049142408,0.8618248418435105,0,0.11045820041628329,-0.7944051958729227,0.4423281005623138,1.5437466044148982,0.566192923868078,0.06492469370814156,0.07969565603832507,0.08847760241772724,0.09775618389219012,0.6641492243574423,0.7337980679179588,0.8146578739112172
stflife,10,80,153,147,0.9545454545454546,22,0,42.0,13.0,231.80000000000013,0.1034857136505916,0.7000043690210428,0.615272854331198,0.7847358837108875,0.5863676692710831,0,0.4687526133815326,-0.7000043690210428,0.4010539865209562,2.107399702833571,0.5180004858271797,0.07131197479417083,0.08444619168359985,0.09463935739879087,0.09870750778781551,0.7224574542745532,0.7535128804148233,0.8444664391895864
stflife,10,100,134,129,0.9555555555555556,22,0,51.0,15.0,243.8,0.1034857136505916,0.7201175040494481,0.6472545744859597,0.7929804336129365,0.657839580565882,0,0.4997110385317478,-0.7201175040494481,0.36694411114089215,2.04062642951976,0.5314708984193627,0.06470966617119846,0.07798654359428454,0.08690713381325796,0.09775618389219012,0.6619495933123081,0.7445840557835403,0.8297542523213054
stflife,10,150,80,77,0.9506172839506173,22,0,75.0,24.9,286.0000000000002,0.07756183367322976,0.7933762372546715,0.7133596595190608,0.8733928149902823,1.0710530221889987,0,0.5724975331022282,-0.7933762372546715,-0.30445117303510383,1.0769857304087935,0.6802434897105776,0.04556110062734705,0.05529303521178777,0.06558630037875744,0.07044345523105862,0.6467754950109134,0.6946740457112855,0.823993482232171
stflife,11,40,230,220,0.9523809523809523,24,5,44.5,14.0,193.19999999999993,0.07883832251294373,0.1527162678936226,0.037236321632917874,0.2681962141543274,0.233568373746411,0,0.0011036421063947977,-0.1527162678936226,0.9267767457479648,5.687448947192351,0.40846862652461363,0.10657262465674416,0.11273172944373315,0.1021405788574724,0.11863330357749367,0.8983364826145027,1.0433916260202154,0.9453649401337081
stflife,11,60,189,181,0.9526315789473684,24,2,52.0,16.8,220.20000000000027,0.07883832251294373,0.4099522967861609,0.2960832595867719,0.52382133398555,0.29554832356849736,0,0.014212189065333614,-0.4099522967861609,1.3848888961231922,7.750518597114857,0.4024632578688035,0.09641987053347564,0.10370708769637661,0.08570988107371875,0.10654685669412686,0.9049527459104343,1.1249562982189332,0.929732698846623
stflife,11,80,160,153,0.9503105590062112,24,0,62.0,20.9,246.49999999999991,0.07793859634932523,0.5045868043105709,0.4143090048887908,0.5948646037323511,0.35093612061245044,0,0.1864693863872785,-0.5045868043105709,1.7500412166832147,10.492104424240278,0.4048339270506489,0.0762337271817831,0.09564776212417872,0.07554362060150711,0.08920958422273703,0.8545463791361697,1.0091352065837076,0.7970257274060366
stflife,11,100,138,133,0.9568345323741008,24,0,70.0,29.700000000000003,267.7,0.07703887018570674,0.5296386877842364,0.42695855296734764,0.6323188226011252,0.32432318199723864,0,0.22935815104498558,-0.5296386877842364,2.1687747529346333,12.521720213413056,0.38045255899245517,0.07635779546133774,0.09661807830955262,0.07576580929211425,0.08920958422273703,0.8559371296999753,1.0078133682561363,0.7903054666094332
stflife,11,150,96,93,0.9587628865979382,23,0,79.0,38.0,281.0,0.07883832251294373,0.5279838807351697,0.4710167718329184,0.584950989637421,0.21070949116222132,0,0.26159237454568907,-0.5279838807351697,2.3044263522393407,12.562087119164454,0.24988378679203796,0.08646921533281263,0.11209296027882129,0.08665325165522682,0.09390545043833223,0.9208114643952111,0.9978761752282946,0.7714062963251941
happy,9,40,276,264,0.9530685920577617,29,6,30.0,8.0,211.0,0.05620366468466559,0.24541971527102238,0.14654897224668484,0.3442904582953599,0.16420392872286285,0,0.003339522668490469,-0.24541971527102238,0.6367303420228302,7.202430126543858,0.4020874080628549,0.10171793806487998,0.11217108853491245,0.0991590433968229,0.111432615704186,0.9128201597179139,1.0258059636357795,0.9068106532033966
happy,9,60,231,221,0.9525862068965517,29,3,39.0,11.0,231.0,0.05620366468466559,0.28861332153604813,0.18603522075103618,0.3911914223210601,0.2599015728341264,0,0.006564745794934934,-0.28861332153604813,0.6951876678297739,5.194805914505972,0.5118219688092666,0.07452538548107486,0.08491414948072788,0.07053609483597997,0.08288940433688091,0.8990942337839367,1.05655672679883,0.8776556785508303
happy,9,80,198,190,0.9547738693467337,29,2,46.5,15.0,243.60000000000002,0.05620366468466559,0.11957403152360283,0.03766770271779708,0.20148036032940858,0.21723505125843817,0,0.0012474271987807928,-0.11957403152360283,0.6282451044230071,6.211489300102235,0.4426758839348099,0.07500731771135724,0.08610838693169319,0.07683377108869092,0.082442855949098,0.9098097930725298,0.9762285079665637,0.8710802789844148
happy,9,100,172,165,0.953757225433526,29,1,54.0,15.100000000000001,265.6000000000001,0.05620366468466559,0.04797602362378723,-0.034225413392424554,0.13017746063999902,0.2620494377836717,0,0.0003016552864772981,-0.04797602362378723,0.7809834870431146,5.762356981812719,0.43973689914609315,0.06861775115212812,0.07135341901622454,0.06516408778163404,0.07702919688499366,0.8908018508173723,1.052999489259596,0.9616603114214559
happy,9,150,117,113,0.9576271186440678,29,1,79.0,13.600000000000001,338.8,0.04969209957813578,-0.33299205199448617,-0.4295482022411571,-0.23643590174781526,0.19170451772009164,0,0.011862792217667284,0.33299205199448617,1.4795622756534066,9.976458375746407,0.3240163279949091,0.06678177713112042,0.07215005144860216,0.0604983468173838,0.07131568348146611,0.9364248349169368,1.1038611903347268,0.9255956966114437
happy,10,40,217,208,0.9541284403669725,22,6,30.0,8.0,181.60000000000002,0.07926034097286855,0.192197346460536,0.08848690835550234,0.29590778456556965,0.24535705619227996,0,0.0016515792218129155,-0.192197346460536,1.0897647873044454,4.4810909542431,0.5386912215151446,0.07998755983274605,0.09779076010398012,0.08196432128355792,0.09002106789244815,0.8885426679042561,0.9758826594321057,0.8179459874091983
happy,10,60,186,178,0.9518716577540107,22,1,35.0,11.0,197.0,0.08219677137468287,0.309809148204294,0.21968910682103798,0.39992918958755,0.34414624997466065,0,0.016544641428472007,-0.309809148204294,0.44085869756882856,3.2412209689124714,0.5498844683353176,0.06756216382201839,0.0841271599739426,0.06434471884411735,0.08339727733290728,0.8101243347828024,1.0500032486845685,0.8030957403405152
happy,10,80,153,147,0.9545454545454546,22,0,42.0,13.0,231.80000000000013,0.08513320177649718,0.6452975725713832,0.5604364280000834,0.730158717142683,0.5732464833934778,0,0.3698583527448882,-0.6452975725713832,0.5131388772158236,4.130871624066856,0.5173770054396442,0.06075675170742986,0.07563648800440795,0.06208490333499356,0.07695120706119761,0.789549040590245,0.9786074946368629,0.8032730407034377
happy,10,100,134,129,0.9555555555555556,22,0,52.0,15.0,245.7,0.08513320177649718,0.6720263257487117,0.599541787044775,0.7445108644526484,0.7964512213425088,0,0.4016388544595383,-0.6720263257487117,-0.3468215788798527,2.187371373517946,0.5772190030467608,0.05262654700094634,0.06307786914909916,0.058094194041350855,0.07492586626233871,0.7023815622856393,0.9058830726438395,0.8343107925309161
happy,10,150,81,78,0.9512195121951219,22,0,72.0,25.0,283.0,0.07926034097286855,0.7038340340229557,0.6244828946171687,0.7831851734287428,0.6846491555578107,0,0.46690462571451896,-0.7038340340229557,-0.444657749514586,3.448857911134197,0.5768804254444325,0.040849259356827324,0.059581529841934745,0.04744610689376714,0.0554011663417463,0.7373357287253768,0.8609612470057807,0.6856027273082328
happy,11,40,230,220,0.9523809523809523,24,10,44.5,14.0,192.39999999999992,0.054761673266145894,-0.08345165209444456,-0.19856722808666832,0.03166392389777921,0.2748376690147367,0,0.00017881660882090866,0.08345165209444456,1.639419688636951,9.304998942738012,0.4913955522539905,0.06103878848418124,0.0789117223297851,0.0559225090364559,0.06725665879993015,0.9075501158294922,1.0914887321023103,0.7735072392551524
happy,11,60,191,183,0.953125,24,6,52.0,16.0,217.0,0.054761673266145894,0.21893028347923885,0.10588730963870271,0.331973257319775,0.27625828484927184,0,0.001552795489613179,-0.21893028347923885,1.857856032621814,11.05201563985739,0.43949357491132385,0.061301494313421384,0.07899082828600253,0.05592659430661039,0.06682417524430775,0.9173550453754863,1.0961063349815974,0.7760583809992058
happy,11,80,160,153,0.9503105590062112,24,3,62.0,20.9,244.5999999999999,0.054761673266145894,0.531251299395363,0.4409194220549013,0.6215831767358246,0.36470711623173746,0,0.013044529978286423,-0.531251299395363,2.4028858270058624,14.326446172531679,0.40518873088965524,0.05836662355891452,0.07497147316349935,0.054433166850458174,0.06532082168706173,0.8935378038956199,1.0722621323734949,0.7785177627712793
happy,11,100,137,132,0.9565217391304348,24,2,72.0,30.0,268.4000000000001,0.054761673266145894,0.7036055638955194,0.6238817268836512,0.7833294009073877,0.42775217828379214,0,0.02630167117531379,-0.7036055638955194,2.717347780866077,17.57380913788516,0.36850199541198536,0.05801548374911255,0.07234113772136241,0.0549934974761187,0.06682417524430775,0.8681810667622785,1.0549517017772176,0.8019708505632268
happy,11,150,96,93,0.9587628865979382,23,0,79.0,38.0,284.0,0.056462974871045506,0.5376865620304704,0.4810858307048831,0.5942872933560577,0.22583684944302482,0,0.22166395901762492,-0.5376865620304704,2.8062876503494687,16.864217337138626,0.2839320856764097,0.06243088950083005,0.08777729108378485,0.05866536998955646,0.06887053503478652,0.9064963626214926,1.0641864103464092,0.7112419252177508
