item,essround,min_n,K,m,nominal_rank,n_countries,zero_Dhat,nu_med,nu_q10,nu_q90,Fc_med,gamma_hat,gamma_lo,gamma_hi,t_lo,fallback,struct_R2_on_Dhat,struct_slope,skew_dev,kurt_dev,rho2_hat,w_certified,w_gaussian,w_sep_bonf,w_uncorrected,cert_over_unc,cert_over_sep,cert_over_gauss,dev_K,dev_m,dev_nominal_rank,dev_n_countries,dev_zero_Dhat,dev_nu_med,dev_nu_q10,dev_nu_q90,dev_Fc_med,dev_gamma_hat,dev_gamma_lo,dev_gamma_hi,dev_t_lo,dev_fallback,dev_struct_R2_on_Dhat,dev_struct_slope,dev_skew_dev,dev_kurt_dev,dev_rho2_hat,dev_w_certified,dev_w_gaussian,dev_w_sep_bonf,dev_w_uncorrected,dev_cert_over_unc,dev_cert_over_sep,dev_cert_over_gauss,ratio_med,ratio_q10,ratio_q90,Wshare_med,corr_med,nreg_med
trstprl,9,40,274,262,0.9527272727272728,29,0,29.5,8.0,208.7,0.4992773835426906,0.5404826207328707,0.4399820391032527,0.6409832023624886,0.3261250407551676,0,0.3693378579161754,-0.5404826207328707,-0.3035516765135099,1.3272466084978856,0.3811989525941315,0.1714178094760333,0.1822780779670275,0.1764174780306824,0.2009070969177715,0.8532192844645617,0.971660015716926,0.9404192286196988,274,262,0.9527272727272728,29,2,29.5,8.0,208.70000000000002,,1.002310432396283,0.9018098507666651,1.1028110140259009,0.8408082525732703,0,0.15215343635751022,-1.002310432396283,-0.3035516765135099,1.3272466084978856,0.3750966345551331,0.14697173661901405,0.15657019215352225,0.17697755957778313,0.20090709691777153,0.7315407911108662,0.830454081125572,0.9386955115626568,0.9510745549646679,0.7974632962229556,1.1631874480454238,0.07267176850120885,-0.06946866914666926,14.0
trstprl,9,60,229,219,0.9521739130434784,29,0,39.0,11.8,226.80000000000007,0.4804049062132214,0.4478588947464239,0.3435963942475926,0.5521213952452552,0.298141765225851,0,0.2760237424755778,-0.4478588947464239,0.0065031299590888,1.0480230622152726,0.355422642057958,0.1499332345021044,0.1682010898994782,0.1520902632781906,0.1656399750770811,0.9051754229758394,0.9858174433419136,0.8913927644090108,229,219,0.9521739130434783,29,2,39.0,11.8,226.80000000000007,,1.0081682575441078,0.9039057570452764,1.1124307580429391,0.7791590350598313,0,0.12294717990543991,-1.0081682575441078,0.006503129959088878,1.0480230622152726,0.34535516045223796,0.1407109498945922,0.1466898770051501,0.1542799847338983,0.16563997507708117,0.8494987386294393,0.912049285831147,0.9592410380823485,0.9428279724589661,0.7879092106385206,1.1576464450113846,0.08920342608291484,-0.07732320671049352,12.0
trstprl,9,80,197,189,0.9545454545454546,29,0,46.0,15.0,239.4000000000001,0.4804049062132214,0.4309394295991376,0.3486755996765344,0.5132032595217408,0.2989375247091629,0,0.2461796019893264,-0.4309394295991376,0.1471275296669257,1.4947519700851115,0.3404268751762867,0.1482099080315675,0.1614118792727275,0.1508596908795093,0.1656399750770811,0.8947713736529936,0.9824354482466878,0.9182094198974452,197,189,0.9545454545454546,29,2,46.0,15.0,239.40000000000006,,1.0885382958010756,1.0062744658784724,1.170802125723679,0.9304915495498749,0,0.11609345484648825,-1.0885382958010756,0.14712752966692577,1.4947519700851117,0.32543647217326666,0.12666939224159462,0.13483049460038068,0.1532839410519806,0.16563997507708117,0.7647271872786057,0.8263709255664256,0.939471390481994,0.9303570925449739,0.7721467340579915,1.104507497521935,0.09839359568164503,-0.07767032423278454,12.0
trstprl,9,100,172,165,0.953757225433526,29,0,54.0,15.1,262.80000000000007,0.4804049062132214,0.3994571952062664,0.3167435500995347,0.482170840312998,0.286127768491114,0,0.2137606112742155,-0.3994571952062664,0.0432271832683933,2.162803483116477,0.3283739315535528,0.1476331992404438,0.1561661750055687,0.1497166883502029,0.1656399750770811,0.8912896731102635,0.9860837884358922,0.9453596416456984,172,165,0.953757225433526,29,2,54.0,15.100000000000001,262.80000000000007,,1.1479910683170564,1.0652774232103248,1.230704713423788,0.9988087817178763,0,0.10929665883621986,-1.1479910683170564,0.04322718326839336,2.162803483116477,0.31109421034347845,0.12228522568723194,0.12795651389404106,0.15233411685529882,0.16563997507708117,0.73825914082833,0.8027435233263595,0.9556780031417124,0.926554211886877,0.759459539202145,1.0859053001151908,0.11328091927838568,-0.08129248342156101,11.0
trstprl,9,150,115,111,0.956896551724138,29,0,84.0,14.4,330.40000000000003,0.4448801335000725,0.2849815052382862,0.1900506912477976,0.3799123192287748,0.336568225280911,0,0.1150220152878911,-0.2849815052382862,0.0007282431129432,0.820000626559918,0.3939332435376434,0.1097187511928518,0.1225999553043037,0.1074576593966282,0.1227009925949519,0.8941961175085537,1.0210416996696148,0.8949330439845626,115,111,0.9568965517241379,29,2,84.0,14.4,330.40000000000003,,1.2910604532793004,1.1961296392888119,1.385991267269789,1.508531235463176,0,0.09069359549243716,-1.2910604532793004,0.0007282431129432502,0.820000626559918,0.3665535191415687,0.09705288793893688,0.09940329863289099,0.1087355129577101,0.12270099259495199,0.7909706831738353,0.8925592504141965,0.9763548018397812,0.8919537548340352,0.7221420591870843,1.0502346880270685,0.14362844314047743,-0.1053301029086701,9.0
trstprl,10,40,216,207,0.9539170506912442,22,0,30.0,8.0,179.5,0.4210524218244235,0.6375925041192455,0.5343299602065824,0.7408550480319086,0.3177138785116373,0,0.6052186711593703,-0.6375925041192455,-0.4175013870095641,1.558711408808981,0.3545029708358804,0.1793716604537617,0.1973582080674966,0.1949504831449166,0.2217864542454775,0.8087584116171032,0.9200883094012424,0.9088634428238044,216,207,0.9539170506912442,22,1,30.0,8.0,179.5,,0.9371307292168629,0.8338584308499519,1.040403027583774,0.5572490137564176,0,0.19037473064068777,-0.9371307292168629,-0.4175013870095641,1.558711408808981,0.34059063265777084,0.15728248390141497,0.17915138312470963,0.19576561717695307,0.2217864542454775,0.7091618125935306,0.8034224097648716,0.8779306146463216,0.9479560824393082,0.7959385652655402,1.1343394384926895,0.06847744078760738,-0.07083576209213233,13.0
trstprl,10,60,183,175,0.9510869565217392,22,0,35.0,11.0,198.60000000000008,0.4210524218244235,0.6154369509652224,0.5242481716100559,0.706625730320389,0.3422771791064918,0,0.6055949430347868,-0.6154369509652224,-0.4477490347981964,1.735489218064214,0.3730225692139144,0.1470844255939669,0.1790621560455111,0.1609819338792542,0.184794653874432,0.7959344196932815,0.9136703855495284,0.8214154729410459,183,175,0.9510869565217391,22,1,35.0,11.0,198.60000000000008,,0.9633254026215512,0.8721304410045627,1.0545203642385397,0.632986361473007,0,0.17128232244670094,-0.9633254026215512,-0.4477490347981964,1.735489218064214,0.35685642766989606,0.14199714387210974,0.16239619428413957,0.16219456802786666,0.18479465387443206,0.7684050425430423,0.8754741024848205,0.8743871400315069,0.941607857249371,0.7838050997759662,1.1002468404670447,0.08294869082974149,-0.07797822041092053,12.0
trstprl,10,80,153,147,0.9545454545454546,22,0,42.0,13.0,216.20000000000005,0.4210524218244235,0.6336700890687297,0.5486837822528912,0.7186563958845682,0.3526600253256994,0,0.6089231031793737,-0.6336700890687297,-0.4501822809948912,2.3552997487299763,0.3752769719387079,0.1405431161964479,0.1701818359621958,0.1548402480014469,0.1681042707447633,0.8360472674120094,0.907665274439076,0.8258408742732578,153,147,0.9545454545454546,22,1,42.0,13.0,216.20000000000005,,1.02874532692493,0.9437827696471115,1.1137078842027486,0.7438439754039422,0,0.1611038414642646,-1.02874532692493,-0.4501822809948912,2.3552997487299763,0.35252861135608454,0.12039917133085358,0.14880331959409335,0.15496354710790988,0.1681042707447633,0.7162172073168711,0.776951570726584,0.8091161652796404,0.9247711706826444,0.7680941040366847,1.060232587826413,0.09577269013705222,-0.0821415450257532,12.0
trstprl,10,100,133,128,0.9552238805970148,22,0,51.0,15.0,230.8,0.4172780342567642,0.6133395180087713,0.5401539518335063,0.6865250841840362,0.3745145286146755,0,0.5945860084249466,-0.6133395180087713,-0.4692860265119539,2.722058485071422,0.3757128064237459,0.1342152814518137,0.1571142397921693,0.1482052797552631,0.1634792565546798,0.8209927319245053,0.9056039142023032,0.8542528139356026,133,128,0.9552238805970149,22,1,51.0,15.0,230.8,,1.0474326771879883,0.974242978096264,1.1206223762797125,0.9116461645417423,0,0.1456191206780616,-1.0474326771879883,-0.46928602651195395,2.722058485071422,0.3496161544066578,0.11131340092272536,0.13003763418696115,0.14500207733245415,0.16347925655467985,0.6809022946926219,0.7676676291161751,0.8560091208879186,0.9217812382916503,0.7656233988647989,1.0516932111004489,0.10154789158546727,-0.0821415450257532,12.0
trstprl,10,150,77,75,0.9615384615384616,21,0,78.0,28.6,286.00000000000017,0.4056151753552831,0.6873372074508233,0.6045017628341526,0.770172652067494,0.2904945983757996,0,0.6530006144564604,-0.6873372074508233,-0.3886542393814192,4.4256946989648425,0.3200087976462788,0.1304993801094089,0.1609891016384534,0.1481908102438832,0.1567239705595838,0.8326702012682563,0.880617225148045,0.8106100275190193,77,75,0.9615384615384616,21,1,78.0,28.6,286.00000000000017,,1.2801733897785943,1.1973349295555054,1.3630118500016832,1.058357537702639,0,0.12298676966178668,-1.2801733897785943,-0.3886542393814192,4.4256946989648425,0.28522969047081453,0.09733656584759692,0.12233549832024698,0.14362190392090868,0.15672397055958387,0.6210700603108519,0.6777278617696039,0.795652669781845,0.890923086154022,0.7293725079137148,1.0422647047197608,0.13742105061985785,-0.0841086947656899,10.0
trstprl,11,40,230,220,0.9523809523809524,24,0,44.5,14.0,190.2,0.4577938757363705,0.5178874770251816,0.4020845043843244,0.6336904496660387,0.3082504288949615,0,0.4670503531643286,-0.5178874770251816,0.017404865257393,0.7735118338662423,0.3817658687464262,0.1595035040475312,0.18357575316438,0.165506574213624,0.1838449957696531,0.8675977465678727,0.9637291135133732,0.8688702146013058,230,220,0.9523809523809523,24,1,44.5,14.0,190.2,,0.9512646020048198,0.8354616293639626,1.0670675746456768,0.5105163375315196,0,0.17797002812176377,-0.9512646020048198,0.017404865257393064,0.7735118338662423,0.3679655622714231,0.15563226779248593,0.17390341298465747,0.16227788957475625,0.18384499576965319,0.846540680321176,0.9590478912457825,0.8949350971404828,0.9348813558662818,0.8009290756323465,1.0415561774503213,0.07409037790008147,-0.06457013136679493,12.5
trstprl,11,60,189,181,0.9526315789473684,24,0,52.0,16.8,218.80000000000032,0.4577938757363705,0.5197817582314349,0.4052305324771956,0.6343329839856742,0.2797075421389985,0,0.4608578073865453,-0.5197817582314349,0.2063164078520857,0.4063882644698227,0.3462784555957838,0.1571130700517177,0.1812169875421671,0.1583668649605557,0.1714883514188321,0.9161734237446536,0.992082971970492,0.8669886426357206,189,181,0.9526315789473684,24,1,52.0,16.8,218.80000000000032,,1.0388967595565302,0.9243455338022909,1.1534479853107693,0.5108295719090364,0,0.16655219889579498,-1.0388967595565302,0.20631640785208574,0.4063882644698227,0.3258029291187245,0.14202766149488513,0.16898526287056878,0.15935345198868836,0.17148835141883212,0.8282058829057486,0.8912744576437974,0.8404736548160928,0.9203662248409318,0.7859079363302387,1.0314838003217748,0.08814658134397674,-0.06741880406275312,12.0
trstprl,11,80,159,152,0.95,24,0,63.0,20.0,245.6000000000001,0.4577938757363705,0.5813625987125313,0.4894749016821079,0.6732502957429546,0.3058999105429502,0,0.5543237428741112,-0.5813625987125313,0.2922127856911434,0.4964943085430628,0.345711124412266,0.1471127749562465,0.1707679862105941,0.1524935483960693,0.1663152003426098,0.8845419700255521,0.9647147469750824,0.8614774831087157,159,152,0.95,24,1,63.0,20.0,245.60000000000014,,1.2038134011964974,1.1119257041660742,1.2957010982269206,0.6470849361807336,0,0.17052824631740393,-1.2038134011964974,0.29221278569114345,0.49649430854306287,0.31670055998868946,0.12445987238475631,0.15560407725921083,0.15215950458861496,0.16631520034260988,0.7483373265243859,0.8179566088970348,0.7998496863126962,0.9064264903962272,0.7694590342869422,0.9904832216241708,0.1003591473227956,-0.08198659831364821,12.0
trstprl,11,100,136,131,0.9562043795620438,24,0,71.5,30.0,263.0,0.4516771131129516,0.6044634224310083,0.5237912976612764,0.6851355472007401,0.3020060791049535,0,0.564558997131269,-0.6044634224310083,0.5333195355450207,0.2545543046025167,0.3434444558345937,0.1453858459653275,0.1658574582814729,0.1404539759294472,0.1663152003426098,0.8741584994386095,1.035113780177769,0.8765710476437936,136,131,0.9562043795620438,24,1,71.5,30.0,263.0,,1.3492935335875365,1.2686214088178045,1.4299656583572684,0.7332056876030748,0,0.167762836877841,-1.3492935335875365,0.5333195355450207,0.2545543046025167,0.3112144123974296,0.11396044566425481,0.14891325513913026,0.14146122793467555,0.16631520034260988,0.685207638444928,0.8055949133771118,0.7652807371498334,0.8962777542640046,0.7513983717628914,0.9882937667977996,0.11114373440566358,-0.09348475594750476,11.0
trstprl,11,150,94,91,0.9578947368421052,23,0,79.5,38.0,278.7,0.4516771131129516,0.618550262481538,0.5607312677105828,0.6763692572524932,0.2297825962343891,0,0.6179927777179598,-0.618550262481538,0.6203975876328788,0.4907259601277665,0.2735486274947427,0.158511215266981,0.1759142790192089,0.160857926438157,0.1663152003426098,0.9530771387128018,0.9854112804812372,0.9010707723713116,94,91,0.9578947368421052,23,1,79.5,38.0,278.7,,1.6089781761567745,1.5511591813858192,1.6667971709277298,0.8299341682828844,0,0.16587913985677838,-1.6089781761567745,0.6203975876328788,0.4907259601277665,0.24151045839327964,0.11498356164145095,0.14898314746543567,0.16140502675105253,0.16631520034260988,0.6913593069339689,0.7123914536986446,0.7717890486112016,0.8684651236380924,0.7336903693259852,0.9746038390948524,0.14172571884981033,-0.1113764846303361,9.0
stflife,9,40,277,265,0.9532374100719424,29,3,30.0,8.0,210.6,0.102632975623425,0.6413226804238895,0.5426417598032544,0.7400036010445247,0.3257817223808984,0,0.0421277736686662,-0.6413226804238895,0.2459739545283787,4.550794253703822,0.4522093951894036,0.1078512628293814,0.1217493150074133,0.1062597969445095,0.1303320899249324,0.8275111900031734,1.014977121457356,0.8858469784640216,277,265,0.9532374100719424,29,2,30.0,8.0,210.60000000000002,,1.1448711570645198,1.0461902364438846,1.243552077685155,0.9662948670816979,0,0.19098847296242194,-1.1448711570645198,0.24597395452837878,4.550794253703822,0.4393384520252819,0.09295578047177701,0.1009273575461897,0.10553252557267868,0.13033208992493245,0.7132225112427559,0.8808258872546335,0.9210166869694921,0.9615750425703689,0.8075774214326116,1.1761024370583606,0.07254220706454612,-0.05642006514088962,14.0
stflife,9,60,230,220,0.9523809523809524,29,1,38.5,11.900000000000002,231.0,0.0877962656940117,0.561472835314488,0.4584508806869787,0.6644947899419973,0.3261604912463987,0,0.0598380425491469,-0.561472835314488,0.9246012232218858,6.806288686006232,0.4463031341967371,0.0959603317914769,0.1063927739678911,0.0924989192926118,0.1123143324557013,0.8543907949533096,1.03742111286636,0.9019440720705086,230,220,0.9523809523809523,29,2,38.5,11.900000000000002,231.0,,1.1445206498616005,1.0414986952340912,1.2475426044891098,0.9025313913858971,0,0.15460572180318166,-1.1445206498616005,0.9246012232218858,6.806288686006232,0.4348164927594922,0.0833414063455375,0.09148156431211939,0.09272315849790161,0.1123143324557013,0.7420371427520951,0.8988197522135052,0.9110185967217497,0.9507526169432002,0.790336197457361,1.1985787180349161,0.08809885091198413,-0.06498652271629946,12.0
stflife,9,80,198,190,0.9547738693467336,29,0,46.5,15.0,244.3,0.086466213494558,0.5678004823327705,0.4865353206640348,0.6490656440015061,0.2985206384493711,0,0.1739800849632155,-0.5678004823327705,0.8373015109556626,7.691769639728365,0.3972639522984012,0.0973650383393736,0.1067240591255781,0.0927513901512448,0.1123143324557013,0.8668977165294209,1.0497420920657423,0.9123063640674304,198,190,0.9547738693467337,29,2,46.5,15.0,244.3,,1.239898709819874,1.1586335481511383,1.3211638714886096,1.0140018087489595,0,0.1491092876574065,-1.239898709819874,0.8373015109556626,7.691769639728365,0.3808283320353273,0.08064553944403967,0.08621943564948868,0.09305453000313509,0.1123143324557013,0.7180342675842164,0.8666481840413642,0.9353522072667142,0.9348560662388673,0.7842700589831892,1.1809276252017027,0.09978587489163172,-0.07134800396202917,12.0
stflife,9,100,171,164,0.9534883720930232,29,0,54.0,15.0,267.0,0.0851361612951043,0.4667462275669959,0.3843832078256243,0.5491092473083676,0.3691629519884962,0,0.1271333188029618,-0.4667462275669959,0.6775207628786801,3.4944347475583104,0.4501125567361661,0.081930783691166,0.0850103411652,0.0759399027301672,0.0939688752955457,0.8718927776189916,1.0788897634262966,0.963774319314288,171,164,0.9534883720930233,29,2,54.0,15.0,267.0,,1.2407797659983482,1.1584167462569765,1.3231427857397198,1.347815435449776,0,0.13005319253294156,-1.2407797659983482,0.6775207628786801,3.4944347475583104,0.4334126633498001,0.05664215640608583,0.06846234344751848,0.07761274743052166,0.09396887529554579,0.6027757193851475,0.7298048101800734,0.8273476126260021,0.9194495836176853,0.7719512092037604,1.1807385823701644,0.1132338334353141,-0.07425016287297855,11.0
stflife,9,150,117,113,0.9576271186440678,29,0,79.0,13.6,338.8,0.0840720006027745,0.3309836755938064,0.2342973480409224,0.4276700031466904,0.2843828745724472,0,0.0638580681682925,-0.3309836755938064,1.047909836914786,5.135931438467798,0.3955283240956337,0.0650607282412406,0.0809206576845628,0.0622372968912077,0.0744705979313456,0.8736431564739162,1.0453655844817349,0.8040064194096664,117,113,0.9576271186440678,29,2,79.0,13.600000000000001,338.8,,1.3684393478371477,1.2717530202842637,1.4651256753900317,1.3225981713568997,0,0.11077719024224786,-1.3684393478371477,1.047909836914786,5.135931438467798,0.3780045823368311,0.051125046514261856,0.06522365203384754,0.06417560339059399,0.07447059793134561,0.6865131734459013,0.7966430202938316,0.783842132724042,0.8804011970982027,0.7295409526319105,1.1714662917465564,0.14154891520983234,-0.09141140157380223,9.0
stflife,10,40,217,208,0.9541284403669724,22,3,30.0,8.0,181.6,0.1034857136505916,0.8368650847739142,0.7331210651649971,0.9406091043828312,0.7103646944214765,0,0.0576886094805542,-0.8368650847739142,1.178311313904585,4.527295358503636,0.4508316110698743,0.0804264250205266,0.0952454040358461,0.1055850514841629,0.1100143272633321,0.7310541001447616,0.7617217010363446,0.8444126604813147,217,208,0.9541284403669725,22,1,30.0,8.0,181.60000000000002,,1.0337877665544088,0.9300378181593892,1.1375377149494283,1.1171466682818287,0,0.22503715037019412,-1.0337877665544088,1.1783113139045853,4.527295358503636,0.4379329009950517,0.06971812421082761,0.08555085759049352,0.10528206185001325,0.11001432726333218,0.6337185887066247,0.6622032565257824,0.8149319150551069,0.9659040404136414,0.8063652737070511,1.1872488434347157,0.06837330401403369,-0.05582838647042746,13.0
stflife,10,60,186,178,0.9518716577540108,22,1,35.0,11.0,197.5,0.1034857136505916,0.7944051958729227,0.7039909868316045,0.8848194049142408,0.8618248418435105,0,0.1104582004162832,-0.7944051958729227,0.4423281005623138,1.5437466044148982,0.566192923868078,0.0649246937081415,0.079695656038325,0.0884776024177272,0.0977561838921901,0.6641492243574423,0.7337980679179588,0.8146578739112172,186,178,0.9518716577540107,22,1,35.0,11.0,197.5,,1.0657072777218368,0.9752963749319131,1.1561181805117604,1.527773363284206,0,0.2084906274885494,-1.0657072777218368,0.4423281005623138,1.5437466044148982,0.5419816478214621,0.05607440810850515,0.07135006431332061,0.08671158842213615,0.09775618389219012,0.5736149456319459,0.6466772103806855,0.7859055019525246,0.9543372775493222,0.797786957493349,1.1718570960738155,0.08277735785575102,-0.06590864291970457,12.0
stflife,10,80,153,147,0.9545454545454546,22,0,42.0,13.0,231.80000000000013,0.1034857136505916,0.7000043690210428,0.615272854331198,0.7847358837108875,0.5863676692710831,0,0.4687526133815326,-0.7000043690210428,0.4010539865209562,2.107399702833571,0.5180004858271797,0.0713119747941708,0.0844461916835998,0.0946393573987908,0.0987075077878155,0.7224574542745532,0.7535128804148233,0.8444664391895864,153,147,0.9545454545454546,22,1,42.0,13.0,231.80000000000013,,1.0962033171819034,1.0114753857295922,1.1809312486342147,1.3736411693572093,0,0.18621125371343494,-1.0962033171819034,0.4010539865209562,2.107399702833571,0.486861345820176,0.05922844602809445,0.07213815839510482,0.09367838913678452,0.09870750778781551,0.600039929641559,0.632253036947636,0.8210418361901736,0.9260908880921601,0.7680684706723255,1.1785257206293538,0.0959428172391174,-0.06590864291970457,12.0
stflife,10,100,134,129,0.9555555555555556,22,0,51.0,15.0,243.8,0.1034857136505916,0.7201175040494481,0.6472545744859597,0.7929804336129365,0.657839580565882,0,0.4997110385317478,-0.7201175040494481,0.3669441111408921,2.04062642951976,0.5314708984193627,0.0647096661711984,0.0779865435942845,0.0869071338132579,0.0977561838921901,0.6619495933123081,0.7445840557835403,0.8297542523213054,134,129,0.9555555555555556,22,1,51.0,15.0,243.8,,1.148763439395944,1.07589146515398,1.2216354136379082,1.7243665604423009,0,0.17900210530703753,-1.148763439395944,0.36694411114089215,2.04062642951976,0.49370613130536517,0.04737057034713709,0.06441835602623099,0.08504184897073559,0.09775618389219012,0.4845787597373836,0.5570265806830957,0.7353582622916971,0.918357917407508,0.759849250400009,1.1726362799080075,0.10117964879762656,-0.07068570391838333,12.0
stflife,10,150,80,77,0.9506172839506172,22,0,75.0,24.9,286.0000000000002,0.0775618336732297,0.7933762372546715,0.7133596595190608,0.8733928149902823,1.071053022188999,0,0.5724975331022282,-0.7933762372546715,-0.3044511730351038,1.0769857304087935,0.6802434897105776,0.045561100627347,0.0552930352117877,0.0655863003787574,0.0704434552310586,0.6467754950109134,0.6946740457112855,0.823993482232171,80,77,0.9506172839506173,22,1,75.0,24.9,286.0000000000002,,1.3578054448901706,1.2777837484832157,1.4378271412971255,5.741101452189193,0,0.1541905945843004,-1.3578054448901706,-0.30445117303510383,1.0769857304087935,0.6116498766490984,0.029725315928479375,0.03646475611372778,0.06471624955052066,0.07044345523105862,0.42197413274204987,0.4593176541430193,0.8151793429187032,0.8869049934918177,0.6851924386186407,1.1780501886464785,0.13743364044733214,-0.0784252222592412,10.0
stflife,11,40,230,220,0.9523809523809524,24,5,44.5,14.0,193.19999999999996,0.0788383225129437,0.1527162678936226,0.0372363216329178,0.2681962141543274,0.233568373746411,0,0.0011036421063947,-0.1527162678936226,0.9267767457479648,5.687448947192351,0.4084686265246136,0.1065726246567441,0.1127317294437331,0.1021405788574724,0.1186333035774936,0.8983364826145027,1.0433916260202154,0.945364940133708,230,220,0.9523809523809523,24,1,44.5,14.0,193.19999999999993,,0.9059160341624157,0.7904360879017109,1.0213959804231205,0.49066255672898546,0,0.15542306045315846,-0.9059160341624157,0.9267767457479648,5.687448947192351,0.389544775298749,0.09795864839229504,0.10408033357791663,0.10506060238221394,0.11863330357749367,0.8257263806896051,0.9324013585598743,0.9411830748886025,0.9526123140828483,0.7757660852080278,1.1146905695070268,0.07368039912903357,-0.050790466446009944,12.5
stflife,11,60,189,181,0.9526315789473684,24,2,52.0,16.8,220.20000000000027,0.0788383225129437,0.4099522967861609,0.2960832595867719,0.52382133398555,0.2955483235684973,0,0.0142121890653336,-0.4099522967861609,1.3848888961231922,7.750518597114857,0.4024632578688035,0.0964198705334756,0.1037070876963766,0.0857098810737187,0.1065468566941268,0.9049527459104344,1.1249562982189332,0.929732698846623,189,181,0.9526315789473684,24,1,52.0,16.8,220.20000000000027,,1.0299753321195146,0.9161062949201256,1.1438443693189038,0.5841502188013237,0,0.16366036095816938,-1.0299753321195146,1.3848888961231922,7.750518597114857,0.37498453576718555,0.08643527812487696,0.09631248574540052,0.08698568230474932,0.10654685669412686,0.8112419343633391,0.9936724738452467,0.8974462392484222,0.9430474150320943,0.7574796677094611,1.0793543316736292,0.08815479990311385,-0.054514278033253157,12.0
stflife,11,80,160,153,0.9503105590062112,24,0,62.0,20.9,246.49999999999991,0.0779385963493252,0.5045868043105709,0.4143090048887908,0.5948646037323511,0.3509361206124504,0,0.1864693863872785,-0.5045868043105709,1.7500412166832149,10.492104424240278,0.4048339270506489,0.0762337271817831,0.0956477621241787,0.0755436206015071,0.089209584222737,0.8545463791361697,1.0091352065837076,0.7970257274060366,160,153,0.9503105590062112,24,1,62.0,20.9,246.49999999999991,,1.1403636359326164,1.0500858365108363,1.2306414353543964,0.7117272731890981,0,0.15760273069028674,-1.1403636359326164,1.7500412166832147,10.492104424240278,0.3713844052644934,0.07001933227844649,0.08747119300602997,0.07604123301459745,0.08920958422273703,0.7848857596244745,0.9208074291089553,0.8004844780569026,0.9311356039357297,0.7482270119522572,1.0830989491230367,0.09846089403570663,-0.06826494295531703,12.0
stflife,11,100,138,133,0.9568345323741008,24,0,70.0,29.700000000000003,267.7,0.0770388701857067,0.5296386877842364,0.4269585529673476,0.6323188226011252,0.3243231819972386,0,0.2293581510449855,-0.5296386877842364,2.1687747529346333,12.521720213413056,0.3804525589924551,0.0763577954613377,0.0966180783095526,0.0757658092921142,0.089209584222737,0.8559371296999753,1.0078133682561363,0.7903054666094332,138,133,0.9568345323741008,24,1,70.0,29.700000000000003,267.7,,1.2241647452730637,1.121484610456175,1.3268448800899524,0.685189181722521,0,0.15416135068312342,-1.2241647452730637,2.1687747529346333,12.521720213413056,0.3464752927305136,0.06963963663768671,0.08873982894791338,0.0757917459817029,0.08920958422273703,0.7806295393532113,0.9188287686959821,0.7847618984995149,0.9121317575811021,0.7391056069294031,1.0353717551356771,0.10873879823725982,-0.06826494295531703,11.5
stflife,11,150,96,93,0.9587628865979382,23,0,79.0,38.0,281.0,0.0788383225129437,0.5279838807351697,0.4710167718329184,0.584950989637421,0.2107094911622213,0,0.261592374545689,-0.5279838807351697,2.3044263522393407,12.562087119164454,0.2498837867920379,0.0864692153328126,0.1120929602788212,0.0866532516552268,0.0939054504383322,0.9208114643952112,0.9978761752282946,0.7714062963251941,96,93,0.9587628865979382,23,1,79.0,38.0,281.0,,1.4893036443364203,1.432336535434169,1.5462707532386715,0.7480655436009281,0,0.15495947909452168,-1.4893036443364203,2.3044263522393407,12.562087119164454,0.21947162705908949,0.08091189990692621,0.0919601135244251,0.08664911498287207,0.09390545043833223,0.8616315616318896,0.9337879552828677,0.8798586344223638,0.8737085241524106,0.7314742768127059,1.0292328936115158,0.14090666210566144,-0.08064532681833018,9.5
happy,9,40,276,264,0.9530685920577616,29,6,30.0,8.0,211.0,0.0562036646846655,0.2454197152710223,0.1465489722466848,0.3442904582953599,0.1642039287228628,0,0.0033395226684904,-0.2454197152710223,0.6367303420228302,7.202430126543858,0.4020874080628549,0.1017179380648799,0.1121710885349124,0.0991590433968229,0.111432615704186,0.912820159717914,1.0258059636357797,0.9068106532033966,276,264,0.9530685920577617,29,2,30.0,8.0,211.0,,1.1116245640616458,1.0127538210373082,1.2104953070859834,0.842766229561348,0,0.18019733876149013,-1.1116245640616458,0.6367303420228302,7.202430126543858,0.3983564054870236,0.06783336220610636,0.08461026740218452,0.09890552235958067,0.111432615704186,0.6087388488320138,0.6858399873719039,0.8017154925615445,0.9589587242775728,0.8001798789158462,1.2905970013359802,0.07263523121887094,-0.05758929077201581,14.0
happy,9,60,231,221,0.9525862068965516,29,3,39.0,11.0,231.0,0.0562036646846655,0.2886133215360481,0.1860352207510361,0.3911914223210601,0.2599015728341264,0,0.0065647457949349,-0.2886133215360481,0.6951876678297739,5.194805914505972,0.5118219688092666,0.0745253854810748,0.0849141494807278,0.0705360948359799,0.0828894043368809,0.8990942337839367,1.05655672679883,0.8776556785508303,231,221,0.9525862068965517,29,2,39.0,11.0,231.0,,1.139668083609716,1.037089982824704,1.242246184394728,1.161424459986667,0,0.15631816833785517,-1.139668083609716,0.6951876678297739,5.194805914505972,0.5045769523333651,0.060527369017389664,0.06573658349458353,0.06703368282057623,0.08288940433688091,0.7302184097184848,0.902939633786771,0.9207562334354799,0.9453555248078662,0.7895599253797211,1.3015581950964303,0.08777919106224999,-0.06477710862853582,12.0
happy,9,80,198,190,0.9547738693467336,29,2,46.5,15.0,243.6,0.0562036646846655,0.1195740315236028,0.037667702717797,0.2014803603294085,0.2172350512584381,0,0.0012474271987807,-0.1195740315236028,0.6282451044230071,6.211489300102235,0.4426758839348099,0.0750073177113572,0.0861083869316931,0.0768337710886909,0.082442855949098,0.9098097930725298,0.9762285079665636,0.8710802789844148,198,190,0.9547738693467337,29,2,46.5,15.0,243.60000000000002,,1.2093915527500738,1.127485223944268,1.2912978815558795,1.136289193080591,0,0.14470482517499295,-1.2093915527500738,0.6282451044230071,6.211489300102235,0.42839059916304967,0.06142608510320972,0.06472326536334938,0.06987094367958452,0.082442855949098,0.7450746871400902,0.8791363314756218,0.9490572633869807,0.9394730571564086,0.7624272155846648,1.2912957185521972,0.10036812461431323,-0.06924947976047591,12.0
happy,9,100,172,165,0.953757225433526,29,1,54.0,15.1,265.6000000000001,0.0562036646846655,0.0479760236237872,-0.0342254133924245,0.130177460639999,0.2620494377836717,0,0.0003016552864772,-0.0479760236237872,0.7809834870431146,5.762356981812719,0.4397368991460931,0.0686177511521281,0.0713534190162245,0.065164087781634,0.0770291968849936,0.8908018508173723,1.052999489259596,0.961660311421456,172,165,0.953757225433526,29,2,54.0,15.100000000000001,265.6000000000001,,1.1845596820107518,1.10235824499454,1.2667611190269636,1.222924446845745,0,0.12198034616531217,-1.1845596820107518,0.7809834870431146,5.762356981812719,0.4333841607127575,0.05374673300586016,0.05597402262073373,0.06424490976873609,0.07702919688499366,0.6977449484006077,0.8365913066005312,0.96020851261727,0.93173227245229,0.7409322574488276,1.3234660484856744,0.11310485600694514,-0.0730506773703564,11.0
happy,9,150,117,113,0.9576271186440678,29,1,79.0,13.6,338.8,0.0496920995781357,-0.3329920519944861,-0.4295482022411571,-0.2364359017478152,0.1917045177200916,0,0.0118627922176672,0.3329920519944861,1.4795622756534066,9.976458375746407,0.3240163279949091,0.0667817771311204,0.0721500514486021,0.0604983468173838,0.0713156834814661,0.9364248349169368,1.1038611903347268,0.9255956966114436,117,113,0.9576271186440678,29,2,79.0,13.600000000000001,338.8,,1.2727354103039752,1.1761792600573042,1.3692915605506462,0.9427717150233005,0,0.09976883562632544,-1.2727354103039752,1.4795622756534066,9.976458375746407,0.3152204559237062,0.05927702125955926,0.05843712424422475,0.0627923611606363,0.07131568348146611,0.8311919393574133,0.944016440278714,1.0143726616632323,0.9031975974975607,0.7125518388935201,1.255053538731525,0.1430501112262787,-0.08227965456386538,9.0
happy,10,40,217,208,0.9541284403669724,22,6,30.0,8.0,181.6,0.0792603409728685,0.192197346460536,0.0884869083555023,0.2959077845655696,0.2453570561922799,0,0.0016515792218129,-0.192197346460536,1.0897647873044454,4.4810909542431,0.5386912215151446,0.079987559832746,0.0977907601039801,0.0819643212835579,0.0900210678924481,0.8885426679042561,0.9758826594321056,0.8179459874091983,217,208,0.9541284403669725,22,1,30.0,8.0,181.60000000000002,,0.8979242134182124,0.7942187870031346,1.0016296398332902,0.9560491085438227,0,0.17032851738557186,-0.8979242134182124,1.0897647873044454,4.4810909542431,0.526103174141903,0.05811400698855687,0.07429668118898519,0.08167902163085541,0.09002106789244815,0.6455600710934473,0.7114924472430688,0.7821884646601486,0.9611500007899312,0.8050096077234735,1.335069381636475,0.06817661586826569,-0.04111921711408003,13.0
happy,10,60,186,178,0.9518716577540108,22,1,35.0,11.0,197.0,0.0821967713746828,0.309809148204294,0.2196891068210379,0.39992918958755,0.3441462499746606,0,0.016544641428472,-0.309809148204294,0.4408586975688285,3.241220968912472,0.5498844683353176,0.0675621638220183,0.0841271599739426,0.0643447188441173,0.0833972773329072,0.8101243347828024,1.0500032486845683,0.8030957403405152,186,178,0.9518716577540107,22,1,35.0,11.0,197.0,,0.9198599565780031,0.8297447508412225,1.009975162314784,1.181487692705335,0,0.15812221188773834,-0.9198599565780031,0.44085869756882856,3.2412209689124714,0.5259749526028523,0.05024215337545236,0.06491164294226542,0.06419534017440205,0.08339727733290728,0.6024435686898328,0.7826448654833433,0.7740083457776504,0.9525079849621729,0.7830684719523731,1.2811673412084894,0.08286861523826004,-0.06441589300279196,12.0
happy,10,80,153,147,0.9545454545454546,22,0,42.0,13.0,231.80000000000013,0.0851332017764971,0.6452975725713832,0.5604364280000834,0.730158717142683,0.5732464833934778,0,0.3698583527448882,-0.6452975725713832,0.5131388772158236,4.130871624066856,0.5173770054396442,0.0607567517074298,0.0756364880044079,0.0620849033349935,0.0769512070611976,0.789549040590245,0.9786074946368628,0.8032730407034377,153,147,0.9545454545454546,22,1,42.0,13.0,231.80000000000013,,1.043514660851958,0.9586583268638648,1.1283709948400515,1.5378023354357888,0,0.17008699545525818,-1.043514660851958,0.5131388772158236,4.130871624066856,0.487185692463267,0.04573003651326959,0.06001561956893477,0.06179137355375926,0.07695120706119761,0.5942731538558127,0.7400715323714869,0.7619689147879818,0.9369566117019006,0.7576339282672792,1.2668351589589477,0.09594722426892405,-0.06498326205743728,12.0
happy,10,100,134,129,0.9555555555555556,22,0,52.0,15.0,245.7,0.0851332017764971,0.6720263257487117,0.599541787044775,0.7445108644526484,0.7964512213425088,0,0.4016388544595383,-0.6720263257487117,-0.3468215788798527,2.187371373517946,0.5772190030467608,0.0526265470009463,0.0630778691490991,0.0580941940413508,0.0749258662623387,0.7023815622856393,0.9058830726438396,0.8343107925309161,134,129,0.9555555555555556,22,1,52.0,15.0,245.7,,1.1070655672854952,1.034587585960543,1.1795435486104475,3.1951489179712165,0,0.16761476930222574,-1.1070655672854952,-0.3468215788798527,2.187371373517946,0.5423674326600658,0.03338925108935586,0.0422516582310339,0.05739388730178245,0.07492586626233871,0.4456304979170975,0.5817562228150193,0.7902471166168671,0.9363081217675351,0.7471149673523277,1.2821345492976048,0.10074504918594523,-0.06544068745339142,12.0
happy,10,150,81,78,0.951219512195122,22,0,72.0,25.0,283.0,0.0792603409728685,0.7038340340229557,0.6244828946171687,0.7831851734287428,0.6846491555578107,0,0.4669046257145189,-0.7038340340229557,-0.444657749514586,3.448857911134197,0.5768804254444325,0.0408492593568273,0.0595815298419347,0.0474461068937671,0.0554011663417463,0.7373357287253768,0.8609612470057807,0.6856027273082328,81,78,0.9512195121951219,22,1,72.0,25.0,283.0,,1.2974099773012284,1.2180581443127991,1.3767618102896577,4.927793870175212,0,0.14481980779096437,-1.2974099773012284,-0.444657749514586,3.448857911134197,0.5336386359717723,0.025148086357073537,0.03450378868712304,0.04585081167365248,0.0554011663417463,0.4539270202714805,0.5484763614669995,0.7288499992019402,0.8969718644547338,0.6697831644548334,1.335069381636475,0.13655110165148032,-0.0737937608142653,10.0
happy,11,40,230,220,0.9523809523809524,24,10,44.5,14.0,192.39999999999992,0.0547616732661458,-0.0834516520944445,-0.1985672280866683,0.0316639238977792,0.2748376690147367,0,0.0001788166088209,0.0834516520944445,1.639419688636951,9.304998942738012,0.4913955522539905,0.0610387884841812,0.0789117223297851,0.0559225090364559,0.0672566587999301,0.9075501158294922,1.0914887321023103,0.7735072392551524,230,220,0.9523809523809523,24,1,44.5,14.0,192.39999999999992,,0.8342607210247982,0.7191451450325744,0.949376297017022,0.5980528982227795,0,0.13202982311457778,-0.8342607210247982,1.639419688636951,9.304998942738012,0.4704822330035739,0.056088455953846116,0.07089505850061321,0.055807739447820345,0.06725665879993015,0.8339465110910976,1.0050300640879433,0.7911476080291403,0.9530631482939829,0.7886215555837024,1.1925180753840525,0.07339575708586074,-0.049810041122209096,12.5
happy,11,60,191,183,0.953125,24,6,52.0,16.0,217.0,0.0547616732661458,0.2189302834792388,0.1058873096387027,0.331973257319775,0.2762582848492718,0,0.0015527954896131,-0.2189302834792388,1.857856032621814,11.05201563985739,0.4394935749113238,0.0613014943134213,0.0789908282860025,0.0559265943066103,0.0668241752443077,0.9173550453754864,1.0961063349815974,0.7760583809992058,191,183,0.953125,24,1,52.0,16.0,217.0,,0.9485213062667961,0.83547833242626,1.0615642801073322,0.598045997967604,0,0.14129848201016937,-0.9485213062667961,1.857856032621814,11.05201563985739,0.41135038993075934,0.05794020118088176,0.071461780306892,0.05605951313922022,0.06682417524430775,0.8670544899215534,1.0335480623420858,0.810785862485626,0.9351858140872348,0.7797549915243702,1.1903338200295375,0.08814401467792644,-0.051249432939317816,12.0
happy,11,80,160,153,0.9503105590062112,24,3,62.0,20.9,244.5999999999999,0.0547616732661458,0.531251299395363,0.4409194220549013,0.6215831767358246,0.3647071162317374,0,0.0130445299782864,-0.531251299395363,2.4028858270058624,14.32644617253168,0.4051887308896552,0.0583666235589145,0.0749714731634993,0.0544331668504581,0.0653208216870617,0.8935378038956199,1.0722621323734949,0.7785177627712793,160,153,0.9503105590062112,24,1,62.0,20.9,244.5999999999999,,1.0897359219853961,0.9994040446449345,1.1800677993258577,0.6947528769495702,0,0.14582249905372302,-1.0897359219853961,2.4028858270058624,14.326446172531679,0.36800023486802325,0.05255663769841493,0.06777006681638922,0.054609632923137176,0.06532082168706173,0.8045924154200431,0.9624059874635703,0.7755140310073423,0.9274583833827881,0.7721694184816635,1.1735442099079003,0.09841415970302611,-0.05997879985543486,12.0
happy,11,100,137,132,0.9565217391304348,24,2,72.0,30.0,268.4000000000001,0.0547616732661458,0.7036055638955194,0.6238817268836512,0.7833294009073877,0.4277521782837921,0,0.0263016711753137,-0.7036055638955194,2.717347780866077,17.57380913788516,0.3685019954119853,0.0580154837491125,0.0723411377213624,0.0549934974761187,0.0668241752443077,0.8681810667622785,1.0549517017772176,0.8019708505632268,137,132,0.9565217391304348,24,1,72.0,30.0,268.4000000000001,,1.2221717761828792,1.142447939171011,1.3018956131947474,0.7700702688228663,0,0.14811681411456534,-1.2221717761828792,2.717347780866077,17.57380913788516,0.33209370928125415,0.053285431092991616,0.06541874531533466,0.05522531168081443,0.06682417524430775,0.7973975121755146,0.96487334287881,0.814528478590388,0.9185187946285586,0.7483155559287731,1.149482510411291,0.11030913281305914,-0.06569999902843972,11.0
happy,11,150,96,93,0.9587628865979382,23,0,79.0,38.0,284.0,0.0564629748710455,0.5376865620304704,0.4810858307048831,0.5942872933560577,0.2258368494430248,0,0.2216639590176249,-0.5376865620304704,2.8062876503494687,16.864217337138626,0.2839320856764097,0.06243088950083,0.0877772910837848,0.0586653699895564,0.0688705350347865,0.9064963626214926,1.0641864103464092,0.7112419252177508,96,93,0.9587628865979382,23,1,79.0,38.0,284.0,,1.4790515993041708,1.4224508679785837,1.535652330629758,0.9030277709620915,0,0.15520160461423915,-1.4790515993041708,2.8062876503494687,16.864217337138626,0.25303797726971167,0.057602557312160865,0.06693933444708602,0.06015256051337624,0.06887053503478652,0.8363889910694872,0.9576077364046984,0.8605188233189611,0.885874376917012,0.725731407610563,1.170597904400406,0.1400786228893381,-0.07244934184216838,9.5
